0,1,2,3,4,5,6,7,8,9,10,11,12,13,14,15,16,17,18,19,future,system
-2.6329320645966687,-2.617496028239246,-2.6316489414342747,-2.675109868416288,-2.739199582924754,-2.8065203260861136,-2.857920041877069,-2.8812119833456933,-2.873460920588266,-2.8376210112867146,-2.778686898265034,-2.701572583427255,-2.610385354893116,-2.508354774126441,-2.3979767791805697,-2.281191008360405,-2.159534319777708,-2.0342612264016053,-1.9064369919524857,-1.7770124002048695,-0.8988755601493107,B
2.3336197798460625,2.3351837892528704,2.377098304240594,2.450807866341223,2.548109025401223,2.662629567278187,2.7897523633762216,2.9261894679899547,3.069586534182295,-3.0649559640993367,-2.9123448771684948,-2.7567447602058763,-2.59893152775336,-2.4395439648782062,-2.2791313334655903,-2.1181891727799727,-1.9571880409026972,-1.796598776775189,-1.6369173289433965,-1.4786921744907546,2.214289442258248,A
2.912422769455067,2.9119218009256698,2.911237713348457,2.910351930323692,2.909243343908338,2.907887982685072,2.9062587059316307,2.9043250034965715,2.9020530583465023,2.8994063701271466,2.89634748795026,2.892841815466624,2.888865053515385,2.8844164439568534,2.8795396863036338,2.8743498969107546,2.869055174262685,2.8639481841837533,2.859346768612381,2.855502746335575,2.868748440465714,C
2.821610179338447,2.823408494350041,2.8252228213492634,2.8270511766778674,2.828891679022985,2.83074253538884,2.8326020282059567,2.83446850338633,2.8363403591542955,2.8382160354997588,2.8400940041137277,2.8419727586760914,2.843850805372672,2.845726653522937,2.8475988062015736,2.849465750736377,2.8513259489616125,2.853177827100036,2.855019765137849,2.8568500855447767,2.9011882011468404,C
0.485956008587056,0.5301551980143416,0.5729947371013487,0.6145166506631439,0.6547692765147245,0.6938043303419322,0.7316749206835812,0.7684342153871693,0.8041345573080644,0.8388268910866676,0.8725604058465735,0.9053823278086491,0.9373378167538162,0.9684699340171676,0.998819659251124,1.0284259398816296,1.0573257618895981,1.0855542338835162,1.113144678800979,1.140128729271267,2.2067539015296567,C
2.758798399049644,2.7523956524575177,2.746480234127916,2.7410688556201848,2.7361542998459263,2.731716358609274,2.727728490752744,2.7241617351453233,2.7209869357922765,2.7181759531595344,2.715702276035536,2.713541284121372,2.7116703111070497,2.710068597399956,2.708717185308496,2.707598787685268,2.7066976479627725,2.7059994016789006,2.705490944903791,2.7051603121959418,2.7582018883199177,C
1.3901701032753004,1.4643409873216071,1.5535798611698073,1.653696467537735,1.7615822784098067,1.8749213354614347,1.9919459449811556,2.111251188558931,2.2316570439945282,2.35210341718858,2.4715652524828253,2.58897708808582,2.7031576834436564,2.8127255911760085,2.915996278554045,3.0108520894295014,3.0945820459993354,-3.119475276165653,-3.0692920961589785,-3.0430581545357334,-2.786758587666514,B
-1.6405669518446193,-1.5090269147933242,-1.3781631790737827,-1.2490396303111129,-1.1229479914847311,-1.0015409916586906,-0.8870169462977769,-0.7823737898653568,-0.6917367141305594,-0.6206946662301109,-0.5763501439542927,-0.5662035966862876,-0.5941774574153583,-0.6531833669036097,-0.7207003401003066,-0.7682854458721281,-0.7781493361708863,-0.7477043652303103,-0.6828835564594322,-0.5915615404915898,1.4075979318105698,B
-1.6527196438198457,-1.5016919252517018,-1.3472339604797283,-1.1902290410442926,-1.0313919921261183,-0.8713231599816761,-0.7105480467026418,-0.5495482641518331,-0.3887879046988503,-0.2287385742482357,-0.06990603241435947,0.0871384199015718,0.2417179220668623,0.3929960644282444,0.5399011261560629,0.6810168778501401,0.8144227757439434,0.9374601781763832,1.0464004923093218,1.1360204415963688,-2.332226734154748,A
-1.5988374716069709,-1.6193100968218883,-1.671010537914387,-1.7404682901806074,-1.8046371691871244,-1.8424871297327288,-1.844391315181952,-1.8111202978133818,-1.7481981170724423,-1.6618654128990225,-1.5574808560763722,-1.4392285250989405,-1.3102775337644077,-1.173027054856835,-1.0293217645414454,-0.8806167573100181,-0.7280986818124573,-0.5727748426332541,-0.4155406496943033,-0.257233436756954,1.098646182346336,B
2.8899292238359267,2.8902526845203056,2.8903900879287274,2.8903159737034203,2.890000443437408,2.8894083209562256,2.8884982375408854,2.8872217506453004,2.885522755975145,2.8833377527776896,2.8805980808076477,2.877236181251297,2.873199159615384,2.868473491429328,2.863121519380936,2.857318422920844,2.8513594082633675,2.8456058748837485,2.840384450233512,2.8359044173920203,2.8484334923366115,C
-2.3705414875392457,-2.211855144859,-2.0550534111938092,-1.9008659186328265,-1.7501983820559974,-1.604211904658061,-1.4644385576615924,-1.3329516780285278,-1.212614940958504,-1.1074312929425438,-1.0229693100503516,-0.9666601342599256,-0.9471935371810368,-0.9711120922357483,-1.0346407964530664,-1.1157256067424337,-1.1813112776897734,-1.208117354797885,-1.1912993865806123,-1.1370199201969915,2.8179008007906936,A
-1.2174670946275583,-1.2174726849021624,-1.2174782689239292,-1.2174838467033455,-1.2174894182508749,-1.2174949835769553,-1.2175005426920043,-1.217506095606415,-1.2175116423305563,-1.2175171828747755,-1.2175227172493952,-1.2175282454647165,-1.2175337675310165,-1.2175392834585512,-1.2175447932575518,-1.217550296938228,-1.2175557945107656,-1.217561285985329,-1.2175667713720606,-1.2175722506810782,-1.218096046486047,D
2.419599100744118,2.429057330290177,2.4338657983655985,2.43443389589869,2.4314315291157618,2.425591861435396,2.417596042688785,2.408027776483259,2.3973670228209167,2.386000173593017,2.374234835577657,2.362314220023393,2.3504295082424576,2.3387299663522265,2.3273310683426454,2.3163209948090238,2.3057658477585945,2.2957138591207475,2.28619880824737,2.277242812401276,2.4749468300228226,C
3.1202395073306644,3.0518202679197772,3.0209489387074364,3.0339133926101494,3.085065156696503,-3.1175158993845,-3.0151923688291515,-2.89700432339962,-2.767164792219029,-2.6286779224525745,-2.483706868707803,-2.333839666824671,-2.180271879264159,-2.0239307312001187,-1.8655601812535467,-1.7057804461267518,-1.5451310825544604,-1.3841038239636492,-1.223169587541053,-1.0628030758078242,2.626754458237889,A
1.591556215171957,1.7147911731830578,1.8397167861224049,1.965264349918648,2.090471218429623,2.214401292733776,2.336073909340293,2.454392496677644,2.5680645546229703,2.6755040412824918,2.774707326200394,2.8630978335563086,2.9373514197485675,2.9932668838440244,3.0258798177150266,3.030284449618837,3.003901318292281,2.950382136646553,2.8826305269569032,2.819855339599312,1.7600890218219811,B
-2.0239307312001187,-1.8655601812535467,-1.7057804461267518,-1.5451310825544604,-1.3841038239636492,-1.223169587541053,-1.0628030758078242,-0.903507987132958,-0.7458459335864394,-0.5904727630678333,-0.4381872285170638,-0.2899990975871758,-0.14722722492485332,-0.011643151277133355,0.11431800224843668,0.2272542995676539,0.3223934369754574,0.3931781646769351,0.43127577181589627,0.42833493872098105,-1.8690964531906125,A
0.7768515025269985,0.9362084356214564,1.0940793851466968,1.2498478931830992,1.4027600673384315,1.5518591129821666,1.6958924834892646,1.833177106521076,1.9614019370210904,2.07734250377688,2.1764728973786394,2.2525356330268957,2.297412804663197,2.3024215496628697,2.263335987223229,2.1898635721595894,2.110092710561106,2.056201193806695,2.044932950154618,2.0759694488115934,-0.19663114156606606,A
-1.5320303206259545,-1.467123922723026,-1.4366973202957352,-1.4484762299360865,-1.5025190672924102,-1.5819452895367103,-1.6548144428930809,-1.6934343216381988,-1.688260686133939,-1.6434530725435328,-1.5675696862200472,-1.4686294899754806,-1.3528290077490672,-1.2246633302762286,-1.0873475582499108,-0.9431984792973772,-0.7939154494646976,-0.6407741958706429,-0.4847583928732446,-0.3266495792049044,-2.9123448771684948,A
2.935078250952931,2.9340789899894135,2.933102153484704,2.932151069625907,2.9312293846509703,2.930341114204108,2.9294907046436154,2.9286831066293413,2.9279238639289065,2.9272192211631345,2.926576255203513,2.9260030361806133,2.9255088255935937,2.92510432081689,2.9248019572609443,2.924616281180961,2.9245644066882597,2.9246665677123667,2.9249467646954974,2.9254334765496783,2.939277221745909,C
-1.2046114054299681,-1.2046406233693474,-1.204669766661664,-1.204698835592618,-1.2047278304464475,-1.2047567515059463,-1.2047855990524723,-1.2048143733659562,-1.2048430747249057,-1.204871703406418,-1.2049002596861926,-1.2049287438385323,-1.2049571561363641,-1.2049854968512281,-1.2050137662533071,-1.2050419646114223,-1.2050700921930464,-1.2050981492643098,-1.2051261360900145,-1.2051540529336349,-1.2076543932393409,D
2.944678705965523,2.9480431639463918,2.9511361142431074,2.9539399078684663,2.9564588996303534,2.958708550216533,2.9607088596915623,2.9624807986395334,2.964044537675788,2.9654186743187414,2.9666199830933886,2.9676634249665685,2.9685622746863825,2.9693282925870004,2.9699719041627834,2.9705023702001303,2.9709279403887767,2.971255988458518,2.971493129354507,2.9716453200403574,2.9672805459274345,C
2.234313639311855,2.2381611222277606,2.2422167719328185,2.2464760536211124,2.2509349241828955,2.2555898244121213,2.260437672997381,2.265475862426596,2.2707022569378243,2.2761151926546592,2.281713480054375,2.2874964089298397,2.2934637560216458,2.299615795514248,2.3059533126080307,2.3124776203967032,2.31919058029366,2.326094626258454,2.3331927930693177,2.3404887488610955,2.5486669420735053,C
-1.1537253173828763,-1.1540284857185048,-1.154329175365328,-1.1546274165369808,-1.1549232389590771,-1.1552166718789991,-1.1555077440754649,-1.1557964838678465,-1.1560829191252875,-1.1563670772755867,-1.1566489853138973,-1.1569286698111971,-1.1572061569225631,-1.1574814723952749,-1.1577546415767104,-1.158025689422058,-1.1582946405018688,-1.158561519009415,-1.1588263487678918,-1.1590891532374563,-1.1781615175583804,D
-1.1764712465691487,-1.1766165145800729,-1.1767609576329212,-1.1769045827290538,-1.1770473967909043,-1.1771894066630906,-1.1773306191134956,-1.1774710408343485,-1.1776106784432705,-1.1777495384843106,-1.177887627428971,-1.1780249516771983,-1.1781615175583804,-1.1782973313323049,-1.1784323991901209,-1.1785667272552691,-1.178700321584408,-1.1788331881683192,-1.178965332932805,-1.1790967617395551,-1.1894907629717453,D
-0.7216673322404079,-0.5870430059845269,-0.44428832200641577,-0.295667280118459,-0.14293725429030998,0.012500776719813192,0.16949526440563858,0.3270658413679393,0.4843428679635559,0.6405168219398517,0.7947915017758742,0.9463359724442476,1.0942302786147118,1.2373992183734368,1.374526914411755,1.5039427248558968,1.62346723593485,1.7302095284998351,1.8203257402764537,1.8888177291945232,2.1408334726376634,B
2.5198018433020573,2.678291183592999,2.838082591711036,2.9986688946852964,-3.1236022348555457,-2.9628151828144014,-2.8026241932675866,-2.643538803847661,-2.4861396187948843,-2.3311164224535204,-2.1793192266567107,-2.031829938751124,-1.8900660690298177,-1.7559332096777243,-1.6320490484766732,-1.522062795770479,-1.431067592024115,-1.3659754402124955,-1.335298417331092,-1.3467843945450584,2.655576038531529,A
-0.5804087529876695,-0.4766606525275986,-0.3893736969956668,-0.3250119706518739,-0.2913654419941733,-0.29537017290613626,-0.3372261143738265,-0.4025809268579012,-0.46352018465052003,-0.4942916607694442,-0.48442861708876,-0.4365359502416041,-0.3582833615555964,-0.2574509232162843,-0.14033647481778594,-0.011665408674055891,0.12509020070334798,0.2673716322144799,0.41326545609507176,0.5613088730064526,2.2553599661341868,B
-1.2133079765332258,-1.2133191881702907,-1.2133303820520611,-1.2133415582206866,-1.2133527167181812,-1.2133638575864278,-1.213374980867174,-1.2133860866020392,-1.2133971748325094,-1.2134082455999404,-1.2134192989455572,-1.2134303349104558,-1.2134413535356043,-1.213452354861838,-1.2134633389298723,-1.2134743057802848,-1.2134852554535336,-1.2134961879899455,-1.2135071034297242,-1.213518001812945,-1.2145374339744983,D
-1.4251338212866518,-1.3727059206335257,-1.2923463523223864,-1.1905661430512258,-1.0726051897208466,-0.9424523924921174,-0.8031124436733019,-0.6568736734234716,-0.5055181288060469,-0.3504742107047389,-0.19292560636415368,-0.03389015820876533,0.1257206129503276,0.2850533111718495,0.4432696059509544,0.5995030760823792,0.7528108842182148,0.9021145935129392,1.046122991596485,1.1832275149199143,1.4934150454786954,B
-0.2608479493333448,-0.10965736503013314,0.03710198981696153,0.17800024451125784,0.31110054345004584,0.4337234181516223,0.5421127747234188,0.6310106383847941,0.6932928054888076,0.7202908133733467,0.7044905215672932,0.6469171532513242,0.5662662810128579,0.4953061334778882,0.4605593797520912,0.4699142784897088,0.5183368571189135,0.5970714150717662,0.6981721798492316,0.8155713605218927,-1.6684767672267948,A
-2.7094436820214205,-2.560608622691644,-2.4170457880612983,-2.280511879679896,-2.153408086268798,-2.0390714432017885,-1.942165976556967,-1.8690964531906125,-1.8280517272479773,-1.827454126481515,-1.8704937992417991,-1.9456500543152195,-2.0237688915222454,-2.0737823547454863,-2.0808737946857563,-2.0463964803834407,-1.9783964146626007,-1.8852773193941288,-1.7737585741633501,-1.6487652977044756,2.1318122840424776,A
2.882715383864843,2.8839499279472105,2.8851089070375124,2.8861841493231823,2.88716638387034,2.8880450456780133,2.88880804004529,2.889441456904667,2.8899292238359267,2.8902526845203056,2.8903900879287274,2.8903159737034203,2.890000443437408,2.8894083209562256,2.8884982375408854,2.8872217506453004,2.885522755975145,2.8833377527776896,2.8805980808076477,2.877236181251297,2.869055174262685,C
2.548368518786202,2.6809061856972014,2.8026496045206346,2.9096774197022093,2.9965216958341085,3.055838317890189,3.078882193464726,3.05860769764791,2.9975495369150367,2.916397675606495,2.8482680643775007,2.8179008007906936,2.8313807790358867,2.882963951682761,2.963899309876433,3.066466696415445,-3.0983558810116776,-2.9683949548339985,-2.8298272855650106,-2.6848059258359207,1.0455803832557828,A
2.945652633965285,2.9446773951503302,2.9437092177416906,2.9427495003620887,2.941799657308703,2.9408611239722515,2.9399353625172724,2.9390238678940674,2.938128174259969,2.9372498618966225,2.9363905647212007,2.9355519785032653,2.9347358699158743,2.9339440865701363,2.933178568207496,2.9324413592546636,2.931734622983415,2.9310606575631555,2.9304219143500894,2.9298210188254656,2.927646683036646,C
-2.0430971639776745,-1.970187233847012,-1.929365471947752,-1.929047273555928,-1.9723606892550491,-2.0476573004571983,-2.125690828207349,-2.175450905237849,-2.182251211101185,-2.147525751204566,-2.0793404658020718,-1.9860916370253028,-1.8744851126889224,-1.7494337390569359,-1.6144524934968831,-1.472064210464626,-1.3241085976688056,-1.1719578009157725,-1.0166629520813124,-0.8590538779789544,2.840133300798648,A
-2.7578962641287403,-2.6778253293140653,-2.627578444346782,-2.615880607839057,-2.648114156090185,-2.7173670013295554,-2.79815794647056,-2.8576310806328404,-2.8760401057984355,-2.851496704281599,-2.7911958292476533,-2.7037938686112986,-2.5964967179004166,-2.4746512009377395,-2.3420874268994645,-2.201543203823836,-2.0550017411344847,-1.9039306746148952,-1.7494452236959244,-1.5924190597019785,2.108647755464951,A
2.616533058277464,2.611757428304835,2.6054310053743683,2.5980204701505794,2.5899024501943715,2.5813681470386527,2.5726376636878046,2.5638753326849035,2.555202903810977,2.546709960541321,2.538461845484981,2.5305055999993438,2.5228743991473186,2.5155908710025665,2.5086695946451285,2.5021189931629424,2.49594277881439,2.4901410642890727,2.4847112229389663,2.479648558637669,2.572623827647888,C
2.325291004046267,2.486063632567701,2.6463626164664804,2.805702309090764,2.963533833439666,3.11920835584715,-3.0112562546419066,-2.8625004403091165,-2.719029530169608,-2.582610965446108,-2.4556631462670717,-2.341548954067873,-2.2449688910817156,-2.172373508764645,-2.131991530933484,-2.132225843035428,-2.1760824047460763,-2.2516593938372385,-2.3295261697018166,-2.3787846228873963,1.782451373684044,A
1.0006127409575525,1.1495683702028805,1.2934163160354128,1.4304682603499663,1.5584041303000786,1.6739840622107394,1.7726576404002303,1.848133518537761,1.8922621218001368,1.896377049479476,1.856416410470248,1.782451373684044,1.702874065261926,1.6497382085420866,1.6394069300262777,1.6713011599489,1.7374417051983202,1.8292419698372329,1.9397881340228915,2.0640127649829703,-0.4378290188353586,A
-1.216689373784562,-1.216695868050877,-1.2167023544882098,-1.2167088331107103,-1.2167153039324936,-1.2167217669676411,-1.2167282222302038,-1.2167346697341948,-1.2167411094935945,-1.2167475415223494,-1.2167539658343738,-1.2167603824435471,-1.2167667913637177,-1.2167731926086989,-1.2167795861922726,-1.2167859721281848,-1.2167923504301517,-1.2167987211118545,-1.2168050841869442,-1.2168114396690342,-1.2174164990365792,D
2.950040469545864,2.919422704618029,2.9326464041430484,2.984014812275748,3.0647849622282277,-3.115955001880855,-2.9976800200647142,-2.8677803318624835,-2.7292536099740423,-2.58425786046348,-2.4343769376873503,-2.2808029412730284,-2.1244602202802363,-1.9660903962983332,-1.806311890376328,-1.6456630290038077,-1.4846349056109556,-1.323698399370718,-1.1633287681991749,-1.0040308296884122,2.6870612275912618,A
1.5899561384134513,1.6094269320907977,1.6287245329142122,1.64786251090379,1.6668543132967677,1.6857133131956106,1.7044528597001751,1.7230863300031494,1.7416271839752757,1.7600890218219811,1.7784856454565832,1.7968311243073503,1.815139866355853,1.8334266952908995,1.851706934752383,1.8699965007263508,1.888312003224968,1.9066708584232857,1.9250914123956664,1.94359307744344,2.4066590166880006,C
2.9376735628352897,2.9359741509788786,2.934128710198152,2.932130158182296,2.9299711674985263,2.9276443163677484,2.925142346269177,2.9224585884177423,2.9195876571817947,2.9165265650860945,2.913276500713995,2.9098456362646106,2.9062534902198576,2.902537500921389,2.898762343020201,2.8950315398247284,2.8914979510241934,2.88836390525412,2.885856453892483,2.8841708038619998,2.9027351739044915,C
2.837962682557144,2.950761090511745,3.0601111095099283,-3.118716986255913,-3.0212446164391733,-2.9330438020091227,-2.8571699110055713,-2.7975082695798545,-2.7587849756117273,-2.746072447719676,-2.7631216107541827,-2.808950576981083,-2.8739926257446515,-2.9404582206613266,-2.989751699568272,-3.0106909986391206,-3.0010636232386023,-2.9640908800923267,-2.9047607750060567,-2.8278861477966064,-1.224117260922594,B
1.928477121626769,2.0290004744211743,2.113232698025025,2.1763953096348923,2.212793677980817,2.2169296974610866,2.186567480601996,2.1277256362976886,2.0574354914276856,1.9979033507100583,1.9653073248152892,1.9647951896512093,1.9937212714370869,2.0465501648465985,2.117709553691211,2.2025710421272917,2.2975461072756613,2.399899460501407,2.5075224962179083,2.6187392157217566,-2.675109868416288,B
-1.2168933761104632,-1.216899626702352,-1.2169058699016528,-1.2169121057214738,-1.2169183341748924,-1.216924555274956,-1.2169307690346802,-1.2169369754670498,-1.2169431745850208,-1.2169493664015156,-1.216955550929429,-1.2169617281816243,-1.2169678981709344,-1.2169740609101627,-1.2169802164120809,-1.216986364689432,-1.216992505754929,-1.2169986396212558,-1.2170047663010657,-1.217010885806982,-1.21759410734161,D
0.6987368016022791,0.6635240271076579,0.6724316493916571,0.7204946095421318,0.7989554183707144,0.8998469859790676,1.0170818077858934,1.1462675131711224,1.284273891170283,1.4288540761630777,1.5783683339835335,1.7315935081472689,1.8875929424795528,2.045626714874768,2.205088144336574,2.3654571862111977,2.526264418594088,2.6870612275912618,2.8473928667087485,3.0067715167277798,0.4155651149525914,A
2.8914689252517487,3.0365556771880327,-3.1080258185297747,-2.978118220038041,-2.8599767130595297,-2.7578962641287403,-2.6778253293140653,-2.627578444346782,-2.615880607839057,-2.648114156090185,-2.7173670013295554,-2.79815794647056,-2.8576310806328404,-2.8760401057984355,-2.851496704281599,-2.7911958292476533,-2.7037938686112986,-2.5964967179004166,-2.4746512009377395,-2.3420874268994645,1.4192914706076154,A
1.741613356038746,1.8733305302395749,2.0131903433321963,2.159143893442269,2.3096884361926597,2.463695010939901,2.6202906727061634,2.7787769021627686,2.9385715833691037,3.0991661332082727,-3.0230932235959034,-2.86229225283324,-2.702086379614929,-2.5429859769526084,-2.3855719826449406,-2.230533849604714,-2.0787204185339463,-1.9312113849190564,-1.7894207508329758,-1.6552489520873206,2.0806358115595858,A
2.4584358397960737,2.460940892771777,2.4636041991290307,2.466423537813544,2.4693969536473643,2.4725227563175918,2.4757995201673313,2.479226084834104,2.4828015567782544,2.486525311740468,2.4903969981627245,2.4944165415996884,2.4985841501363377,2.502900320810605,2.50736584701414,2.5119818268061964,2.5167496720194777,2.5216711179547144,2.5267482333412428,2.5319834300674477,2.6615460871173617,C
-0.022206877420441817,-0.025032608323530228,0.013280413968354077,0.08437705409079613,0.17989774213676038,0.293249811094492,0.41962464922460707,0.5555871227126515,0.6986744821212522,0.8470948180410894,0.9995172621049754,1.154928876010357,1.3125364237650812,1.4716974575449564,1.6318702364056608,1.792575473140845,1.9533650958623447,2.113794486328424,2.273395270273225,2.4316458154917964,-0.15761867852264633,A
-1.1960425930307794,-1.1960978145490224,-1.196152842269434,-1.1962076772102157,-1.1962623203824518,-1.196316772790168,-1.196371035430398,-1.1964251092932394,-1.1964789953619197,-1.1965326946128472,-1.196586208015678,-1.1966395365333695,-1.1966926811222396,-1.19674564273203,-1.196798422305949,-1.196851020780736,-1.1969034390867197,-1.1969556781478692,-1.197007738881844,-1.1970596222000551,-1.2015227916673823,D
0.6799221600710756,0.8387799380090943,0.9987731848276056,1.1594039889167032,1.3202159469723165,1.4807659745017767,1.6405972423669857,1.7992104220544296,1.9560301424409636,2.110362711193132,2.261339557796356,2.4078382086975023,2.548368518786202,2.6809061856972014,2.8026496045206346,2.9096774197022093,2.9965216958341085,3.055838317890189,3.078882193464726,3.05860769764791,0.7944826438117165,A
1.1468284225115728,1.2917670413537996,1.4333280445628722,1.5705632039218738,1.7023167512449215,1.8271271553877115,1.943097516396645,2.047725914766969,2.137698568130685,2.2086923162956875,2.2553599661341868,2.2719650519869017,2.254556421045348,2.2053399805704084,2.137042427586641,2.070879388098842,2.026351274386481,2.012865331000756,2.030287491166523,2.073835600363696,-2.800438774306348,B
-0.2973363163167949,-0.20613485497499925,-0.13774052300600406,-0.10002696841275606,-0.10023254524690413,-0.13922268852155378,-0.20344418596847327,-0.2651269229237063,-0.2977644774411933,-0.2900673453769811,-0.2442956522024409,-0.16811342918855182,-0.06939357473475549,0.045484638166852526,0.17175032724965794,0.305917348149495,0.4454341703714879,0.5884066525579639,0.733396332771861,0.8792757507029629,2.3728586993607426,B
2.958176315271273,2.95721225867468,2.956230252588462,2.9552316758751136,2.95421790504103,2.953190319278232,2.9521503055892304,2.951099264055025,2.950038613309958,2.9489697962923582,2.947894286346742,2.9468135937620468,2.945729272841345,2.94464292961206,2.9435562303024883,2.9424709107310583,2.9413887867801125,2.940311766157217,2.9392418616853964,2.9381812064111887,2.9292607946799083,C
-1.213079949069657,-1.213091524873665,-1.2131030820505977,-1.213114620645387,-1.2131261407028104,-1.2131376422675129,-1.213149125383988,-1.2131605900965925,-1.2131720364495373,-1.2131834644868933,-1.2131948742525906,-1.213206265790419,-1.2132176391440272,-1.213228994356926,-1.213240331472487,-1.2132516505339441,-1.2132629515843911,-1.2132742346667893,-1.21328549982396,-1.2132967470985878,-1.2143475810181064,D
2.9729389001219624,3.086108281101718,-3.083543722098617,-2.970828327482097,-2.8601756658999817,-2.7529799394765817,-2.650888423075639,-2.555933143686528,-2.470698009855949,-2.3985138634728806,-2.343624970920419,-2.3111389954277475,-2.306292937731583,-2.332226734154748,-2.3858711836777284,-2.454353238325134,-2.5175740665433337,-2.5576399512750183,-2.566042683932776,-2.542948071503483,-0.9194913932828962,B
-2.798679207729944,-2.8179221967715606,-2.878124810271056,-2.9590697935293067,-3.0277841980924203,-3.059171868640728,-3.0467343440680685,-2.9960208337659986,-2.9157497993129033,-2.8136687035564085,-2.69565181509503,-2.565929301732081,-2.4275190048906032,-2.2825949210302063,-2.132753803256543,-1.979198314624236,-1.8228614413698607,-1.6644916772956275,-1.504712569232414,-1.3440657837359409,2.3470789620995154,A
-2.8625004403091165,-2.719029530169608,-2.582610965446108,-2.4556631462670717,-2.341548954067873,-2.2449688910817156,-2.172373508764645,-2.131991530933484,-2.132225843035428,-2.1760824047460763,-2.2516593938372385,-2.3295261697018166,-2.3787846228873963,-2.3850055903274496,-2.3497835186806637,-2.2812251749375743,-2.1877133581806967,-2.0759279733893488,-1.9507580425602289,-1.8156997683066425,1.9397881340228915,A
0.6637322906318127,0.8006624606849048,0.9274804130440084,1.040679546104341,1.1355722358504163,1.2060552184623767,1.2448812465166346,1.245527318444212,1.207190353585743,1.1417530846626267,1.0741451024815638,1.0295727858285264,1.0204531940175896,1.0463944505848928,1.1011191219949577,1.1775580983842977,1.2697834692784202,1.3732982338801087,1.4847972793222088,1.6018498036124906,3.0258798177150266,B
2.939903365993482,2.941833201406172,2.9439735639524507,2.9463374649639285,2.948931934143244,2.9517514740392437,2.954767807702279,2.957916571010468,2.961086201084944,2.964120989058548,2.96684992393047,2.96913414385478,2.970902996879208,2.972156306568734,2.97294113135341,2.9733247871356694,2.9733764955014363,2.973158521661159,2.972723398196316,2.9721141011348253,2.9656763073220644,C
1.7551645479375741,1.7439016212096434,1.7643942093492415,1.8113550363757516,1.8787558361167904,1.9614106873568504,2.0552745619885293,2.1572874640067368,2.2651274877051386,2.376989244679652,2.4914101252019463,2.607138189805044,2.723029454754808,2.837962682557144,2.950761090511745,3.0601111095099283,-3.118716986255913,-3.0212446164391733,-2.9330438020091227,-2.8571699110055713,-2.7467199376006195,B
2.5648228314882724,2.5639293644633963,2.5632393327691534,2.5627454851110456,2.5624409558276735,2.562319251762736,2.5623742385503525,2.5626001266750578,2.5629914575747152,2.5635430899835794,2.5642501866587333,2.5651082015918885,2.5661128677771146,2.567260185581215,2.5685464117453125,2.5699680490325263,2.571521836526286,2.5732047405760707,2.5750139463815302,2.576946850201529,2.673049023304542,C
2.939287297064998,2.940659236914068,2.9421437846496294,2.9437478600101885,2.945478752770597,2.9473439051486165,2.9493504879208614,2.9515046230907505,2.953810010246624,2.9562655713996535,2.9588615533514853,2.9615734240194267,2.9643532344155483,2.9671197395210283,2.9697525244038574,2.9721004364161585,2.9740128647073174,2.9753847008333474,2.9761858730000497,2.976455773406124,2.973660005060358,C
2.9677633564955914,2.9685403614439902,2.9692415652309587,2.969868982691964,2.9704244842007648,2.9709098077938934,2.9713265702280114,2.971676277057835,2.9719603318229963,2.972180044429615,2.97233663880783,2.9724312599211604,2.9724649801978864,2.972438805449056,2.972353680332437,2.972210493416953,2.9720100818978383,2.971753236009058,2.9714407031763925,2.971073191952065,2.9638507158995337,C
2.952887801439663,2.9543562159267305,2.9557474210032733,2.9570629751984794,2.9583043327421605,2.959472846250344,2.9605697701828126,2.9615962647390504,2.9625533999619735,2.9634421598915504,2.9642634466618483,2.9650180844715206,2.9657068233835386,2.9663303429282126,2.9668892554963837,2.9673841095186533,2.9678153924327355,2.968183533445337,2.9684889060978565,2.9687318306471733,2.970651375769873,C
-1.2164773370614217,-1.2164840895358855,-1.216490833709936,-1.2164975695988691,-1.2165042972179454,-1.2165110165823858,-1.2165177277073769,-1.2165244306080638,-1.2165311252995579,-1.216537811796934,-1.2165444901152274,-1.216551160269438,-1.216557822274529,-1.2165644761454275,-1.216571121897023,-1.2165777595441694,-1.216584389101684,-1.2165910105843498,-1.2165976240069099,-1.2166042293840755,-1.2172323770025644,D
-1.209913232944125,-1.2099304673243392,-1.2099476678734564,-1.209964834691,-1.2099819678761088,-1.2099990675275252,-1.2100161337436095,-1.2100331666223372,-1.210050166261298,-1.2100671327577106,-1.2100840662084058,-1.2101009667098406,-1.2101178343580967,-1.2101346692488837,-1.210151471477539,-1.210168241139029,-1.210184978327955,-1.210201683138551,-1.2102183556646868,-1.2102349959998666,-1.21176487821045,D
-1.0216383176844028,-1.023950924927078,-1.0262129822218111,-1.0284261014153495,-1.0305918277296655,-1.0327116431065555,-1.034786969356703,-1.0368191711261312,-1.038809558692,-1.0407593905989232,-1.0426698761460156,-1.0445421777343324,-1.0463774130835313,-1.0481766573260545,-1.049940944986495,-1.0516712718533106,-1.0533685967495343,-1.0550338432086752,-1.0566679010615896,-1.0582716279396938,-1.1408577195918597,D
-1.5554171829041517,-1.4382841689952486,-1.3270131282824464,-1.224117260922594,-1.133004997864115,-1.0582960757069206,-1.0060319091983725,-0.9832790104822156,-0.9959386362264764,-1.0433304861760473,-1.1115145377219098,-1.1746390272025191,-1.2087883365929537,-1.20359973961762,-1.1607435521624123,-1.0869495974377816,-0.9893859469002686,-0.8740228166640577,-0.7454413893962709,-0.6070813174840406,1.4703957830989431,B
-1.212220507910365,-1.2122335085459452,-1.212246487012832,-1.2122594433676834,-1.2122723776669664,-1.212285289966955,-1.212298180323733,-1.2123110487931918,-1.2123238954310367,-1.212336720292782,-1.212349523433753,-1.2123623049090884,-1.2123750647737417,-1.2123878030824795,-1.212400519889883,-1.2124132152503484,-1.2124258892180924,-1.2124385418471466,-1.2124511731913603,-1.2124637833044023,-1.2136367696332666,D
-1.2028465311862184,-1.2028804348960858,-1.2029142453145063,-1.2029479628259905,-1.2029815878129413,-1.2030151206556663,-1.203048561732388,-1.2030819114192697,-1.2031151700904146,-1.20314833811789,-1.2031814158717389,-1.2032144037199897,-1.2032473020286774,-1.2032801111618496,-1.2033128314815869,-1.2033454633480094,-1.2033780071192957,-1.2034104631516924,-1.2034428317995254,-1.2034751134152202,-1.2063419089775862,D
0.11509523328369024,0.2744174398751209,0.43241980639630223,0.5881987996123006,0.74074807054932,0.8888929471707321,1.0312029228289603,1.1658713184916265,1.2905489515550614,1.4021207848238897,1.4964350524091168,1.5680731350955859,1.610479112878763,1.6172738421330553,1.5860871601723434,1.5247935770767806,1.4542111171069498,1.3993885610332175,1.3761572670302795,1.3874799120691617,2.8127255911760085,B
-1.1898112242038872,-1.1898904961371877,-1.1899694349715957,-1.1900480428014435,-1.1901263217035525,-1.1902042737374108,-1.1902819009453651,-1.1903592053527847,-1.1904361889682418,-1.1905128537836906,-1.1905892017746331,-1.1906652349002922,-1.1907409551037749,-1.19081636431224,-1.1908914644370616,-1.1909662573739908,-1.1910407450033125,-1.1911149291900018,-1.1911888117838878,-1.1912623946197942,-1.1974179130560592,D
2.8713055409528088,2.8732726597072853,2.8752382422485323,2.877198471355153,2.8791500451980467,2.8810900885673383,2.883016080409297,2.8849257943045767,2.8868172492730553,2.8886886688629447,2.8905384469189457,2.8923651187599266,2.894167336756005,2.8959438494963163,2.897693483896175,2.8994151297157638,2.901107726059966,2.902770249506061,2.9044017035673857,2.906001109249937,2.9391054889453154,C
-0.6828835564594322,-0.5915615404915898,-0.4806735880575631,-0.3556022524102807,-0.22036032926119356,-0.07792530003896918,0.06946828940758898,0.2201104788086787,0.3726597129386828,0.5260306141286003,0.679310540142926,0.8316938576787346,0.9824259864176094,1.1307511838366735,1.2758588932838968,1.4168234093379397,1.5525307023599748,1.6815845984367488,1.8021826243866697,1.9119516051313443,2.0832556001012628,B
0.9524416875599352,0.8718594502473723,0.8004499954115777,0.7650083904719691,0.7736938926251604,0.8215764186569043,0.8998985297808024,1.0006832631207412,1.117833800136692,1.2469513185418764,1.3849017126020529,1.5294359914232507,1.6789133695150686,1.8321102005532064,1.9880895470031092,2.1461111833891784,2.3055679665366213,2.4659391679951086,2.626754458237889,2.7875641406568508,0.1943926691239677,A
2.4314315291157618,2.425591861435396,2.417596042688785,2.408027776483259,2.3973670228209167,2.386000173593017,2.374234835577657,2.362314220023393,2.3504295082424576,2.3387299663522265,2.3273310683426454,2.3163209948090238,2.3057658477585945,2.2957138591207475,2.28619880824737,2.277242812401276,2.268858615054988,2.2610514678215603,2.2538206805714123,2.2471608986313654,2.4595911345402697,C
-1.1777495384843106,-1.177887627428971,-1.1780249516771983,-1.1781615175583804,-1.1782973313323049,-1.1784323991901209,-1.1785667272552691,-1.178700321584408,-1.1788331881683192,-1.178965332932805,-1.1790967617395551,-1.1792274803870229,-1.1793574946112704,-1.1794868100867983,-1.179615432427378,-1.179743367186858,-1.1798706198599584,-1.1799971958830546,-1.1801231006349548,-1.1802483394376544,-1.1902042737374108,D
-2.4506646266671974,-2.470202086169057,-2.446705626567895,-2.387228758789887,-2.3004277167231337,-2.1935510429082283,-2.0719907442922434,-1.9396143375074533,-1.799188753244083,-1.6527196438198457,-1.5016919252517018,-1.3472339604797283,-1.1902290410442926,-1.0313919921261183,-0.8713231599816761,-0.7105480467026418,-0.5495482641518331,-0.3887879046988503,-0.2287385742482357,-0.06990603241435947,-2.8601756658999817,A
-1.2078502586253856,-1.2078717825128285,-1.207893259190125,-1.2079146888124348,-1.2079360715342398,-1.2079574075093424,-1.207978696890878,-1.2079999398313122,-1.2080211364824465,-1.2080422869954217,-1.20806339152072,-1.208084450208171,-1.2081054632069543,-1.2081264306656028,-1.208147352732006,-1.2081682295534135,-1.2081890612764383,-1.208209848047063,-1.2082305900106387,-1.2082512873118898,-1.2101346692488837,D
0.4742398213958937,0.6306956393122964,0.7850114717696234,0.9363120925326834,1.0836075520582904,1.225720337863331,1.3611892141591064,1.4881391617661193,1.6041058655011986,1.7058098496678016,1.7889085435021053,1.847863819972944,1.8763469326504696,1.869117846230148,1.8264595741994232,1.7597411887453085,1.6911372028663605,1.643006373357908,1.6270821620738185,1.6439343878055557,3.044278068517714,B
-2.858816190410784,-2.778879499448816,-2.7288206692451205,-2.717368713357148,-2.7498696529770643,-2.819307464230989,-2.9000877512078507,-2.9593614061289983,-2.9774948385454247,-2.9526937592515057,-2.8921878931164904,-2.804634466264786,-2.697229769705793,-2.5753102269570314,-2.442697249264988,-2.302121792203837,-2.155561686977164,-2.0044803135674174,-1.8499895271200224,-1.6929603998083749,2.008123926829775,A
1.2356829424493558,1.1725711074633025,1.1496917579801489,1.170401228155243,1.2278834583691094,1.313334319477039,1.4192914706076154,1.5401891992542331,1.6720412143836636,1.812007470216268,1.958043017941316,2.108647755464951,2.262694812620261,2.4193132606911827,2.577806782184036,2.7375957422348223,2.8981742840271894,3.0590767786702204,-3.063335715586955,-2.9031603102758217,0.7875178674014598,A
1.1493339289419489,1.3022184325157302,1.451280620544486,1.5952672767532692,1.73249413677125,1.8606479397212667,1.9765002975227388,2.0755189482480416,2.1514374824588947,2.1961292791617018,2.2009144269091747,2.1616070152671107,2.0880061439365067,2.008279500474667,1.9545766069584496,1.9435454988983147,1.9748003498514168,2.0404201031131803,2.1318122840424776,2.2420419851997395,-0.2243639268345636,A
-3.081894285342337,3.1202395073306644,3.0518202679197772,3.0209489387074364,3.0339133926101494,3.085065156696503,-3.1175158993845,-3.0151923688291515,-2.89700432339962,-2.767164792219029,-2.6286779224525745,-2.483706868707803,-2.333839666824671,-2.180271879264159,-2.0239307312001187,-1.8655601812535467,-1.7057804461267518,-1.5451310825544604,-1.3841038239636492,-1.223169587541053,2.4659391679951086,A
2.8353224336230616,2.836648701643941,2.8374883827936443,2.8377090526872952,2.8371511217996117,2.835635993247261,2.8329923731034934,2.829109594643259,2.824011376964713,2.8179093498758663,2.811178900569093,2.804252142794496,2.7975000437539945,2.791173171062556,2.7854049543065007,2.7802436702023514,2.7756857749256545,2.77170035725945,2.768244372213601,2.765271237344621,2.7929385285737145,C
-0.3786370922452502,-0.21769086709893887,-0.05712124036962124,0.10259707716315652,0.2609467031766774,0.4173337719995675,0.5710441583306357,0.7211838177123436,0.8665944905833513,1.005731671101875,1.1364858067788564,1.2559220061531955,1.3599175426550472,1.4427255150468268,1.4966974475092862,1.5130142875397246,1.485457142376242,1.4190426196523909,1.3375046501111143,1.274225098202282,-0.8306899247155507,A
0.6810168778501401,0.8144227757439434,0.9374601781763832,1.0464004923093218,1.1360204415963688,1.1992296758098049,1.2273574062818025,1.212759265343315,1.156089983856822,1.0755658810848674,1.0038752005985745,0.9679831693549136,0.9762260634702501,1.0237453106707468,1.1017856689480636,1.2023520090596191,1.3193298913652007,1.4483081648813507,1.5861451965069704,1.7305877747855842,-1.6059354110083544,A
2.6887059453066797,2.792887690443942,2.888296472005904,2.9721660494613515,3.0409443999059236,3.090204829616161,3.1148957624300366,3.1104807677554875,3.075689636629821,3.016563540652957,2.948294155476936,2.8902460954515647,2.8569238481685373,2.8536226815335666,2.878670898641655,2.9274435202118134,2.994954102261746,3.0768843323548047,-3.1134023267273263,-3.012227232293284,-1.6615788176145447,B
2.1384258046419125,2.159561011835807,2.181139534167434,2.2031939109871868,2.2257458730538042,2.2487956086474243,2.272303580328373,2.2961607651499656,2.3201427840304887,2.3438469687264107,2.3666257751925075,2.387561409257692,2.4055586078398092,2.419599100744118,2.429057330290177,2.4338657983655985,2.43443389589869,2.4314315291157618,2.425591861435396,2.417596042688785,2.5638753326849035,C
2.906899293612621,2.904016936681132,2.901350811522524,2.89904589914021,2.897277407142117,2.8962236063408087,2.8960148560126733,2.8966808651292433,2.8981358600023386,2.900215570555134,2.9027351739044915,2.905531314398123,2.908478096687726,2.9114860107500147,2.914494424652068,2.917463546656004,2.920367923415085,2.9231917335680664,2.9259255500807733,2.9285641639379962,2.953447017612415,C
0.6233208991521445,0.7804469583162225,0.9392844728877866,1.0992624738759034,1.2598838263040466,1.4206927384424064,1.5812464912195885,1.741088342022439,1.8997187873328432,2.056562090025434,2.210924129559698,2.3619360408256225,2.5084754673221217,2.6490531783259166,2.781647114715736,2.903459961848648,3.0105775835594946,3.097542885736942,-3.126160133726144,-3.1028974660918527,0.8330115010050175,A
-0.7483996347519473,-0.7408464764430237,-0.7707038727050196,-0.8307728055145246,-0.8988755601493107,-0.9471533646080535,-0.95807696541265,-0.9289150392056588,-0.8653410808193155,-0.7750284561500356,-0.6647929714180484,-0.5399569957819961,-0.4045106229846544,-0.2614323230154957,-0.11297310580098248,0.039130453998317945,0.19350403352189569,0.3490267410838377,0.5047507885215051,0.6598386877008273,1.9339714037401816,B
2.612492875891145,2.6159885615957217,2.6195905511157345,2.6232989622203267,2.627114053791129,2.6310362202285154,2.6350659840464883,2.639203985924456,2.6434509712360588,2.647807771736033,2.652275280619328,2.6568544185202043,2.6615460871173617,2.6663511057438605,2.6712701246056803,2.6763035056495212,2.681451158429436,2.6867123129623125,2.692085203716681,2.6975666273089187,2.7828843538275274,C
-1.0629089454512388,-1.064399329094133,-1.0658632342906034,-1.0673013529511846,-1.0687143533497885,-1.070102881113138,-1.0714675601615211,-1.0728089936035536,-1.0741277645875722,-1.0754244371120056,-1.0766995567970092,-1.0779536516195192,-1.0791872326136265,-1.080400794538222,-1.0815948165136384,-1.0827697626289088,-1.0839260825212542,-1.0850642119291831,-1.0861845732206539,-1.0872875758975322,-1.1492025264237162,D
2.7670220940116352,2.768541510700975,2.770114402151696,2.7717376601554404,2.773408389853651,2.7751238882222578,2.776881624657172,2.7786792233726363,2.7805144473608783,2.782385183691744,2.7842894299561216,2.7862252816775666,2.7881909205332858,2.790184603238956,2.792204650962093,2.79424943913608,2.796317387551707,2.7984069506052407,2.800516607581593,2.8026448528480565,2.8586670411756803,C
1.7023167512449215,1.8271271553877115,1.943097516396645,2.047725914766969,2.137698568130685,2.2086923162956875,2.2553599661341868,2.2719650519869017,2.254556421045348,2.2053399805704084,2.137042427586641,2.070879388098842,2.026351274386481,2.012865331000756,2.030287491166523,2.073835600363696,2.1378168648369877,2.21722307231237,2.3080863614889617,2.4073677342413577,-2.576482260362254,B
