0,1,2,3,4,5,6,7,8,9,10,11,12,13,14,15,16,17,18,19,20,21,22,23,24,25,26,27,28,29,30,31,32,33,34,35,36,37,38,39,40,41,42,43,44,45,46,47,48,49,50,51,52,53,54,55,56,57,58,59,60,61,62,63,64,65,66,67,68,69,70,71,72,73,74,75,76,77,78,79,80,81,82,83,84,85,86,87,88,89,90,91,92,93,94,95,96,97,98,99,100,101,102,103,104,105,106,107,108,109,110,111,112,113,114,115,116,117,118,119,120,121,122,123,124,125,126,127,128,129,130,131,132,133,134,135,136,137,138,139,140,141,142,143,144,145,146,147,148,149,150,151,152,153,154,155,156,157,158,159,160,161,162,163,164,165,166,167,168,169,170,171,172,173,174,175,176,177,178,179,180,181,182,183,184,185,186,187,188,189,190,191,192,193,194,195,196,197,198,199
 104.99991, 104.53313, 103.16404, 100.90473,  97.77522,  93.80324,  89.02394,  83.47953,  77.21887,  70.29691,  62.77422,  54.71632,  46.19306,  37.27797,  28.04755,  18.58055,   8.95728,  -0.74113, -10.43338, -20.03874, -29.47771, -38.67262, -47.54826, -56.03247, -64.05666, -71.55631, -78.47144, -84.74700, -90.33327, -95.18617, -99.26756,-102.54549,-104.99436,-106.59514,-107.33544,-107.20957,-106.21864,-104.37049,-101.67963, -98.16721, -93.86082, -88.79436, -83.00778, -76.54686, -69.46288, -61.81230, -53.65635, -45.06061, -36.09457, -26.83109, -17.34587,  -7.71689,   1.97621,  11.65279,  21.23184,  30.63265,  39.77557,  48.58264,  56.97832,  64.89022,  72.24972,  78.99268,  85.06004,  90.39844,  94.96071,  98.70641, 101.60220, 103.62223, 104.74839, 104.97053, 104.28655, 102.70243, 100.23219,  96.89770,  92.72851,  87.76150,  82.04052,  75.61594,  68.54411,  60.88684,  52.71074,  44.08663,  35.08880,  25.79436,  16.28249,   6.63377,  -3.07056, -12.74929, -22.32191, -31.70931, -40.83436, -49.62252, -58.00245, -65.90650, -73.27117, -80.03765, -86.15213, -91.56622, -96.23723,-100.12849,-103.20956,-105.45641,-106.85158,-107.38429,-107.05049,-105.85288,-103.80093,-100.91075, -97.20505, -92.71295, -87.46981, -81.51703, -74.90172, -67.67644, -59.89883, -51.63121, -42.94014, -33.89596, -24.57227, -15.04537,  -5.39369,   4.30282,  13.96339,  23.50699,  32.85313,  41.92249,  50.63762,  58.92368,  66.70912,  73.92634,  80.51236,  86.40944,  91.56565,  95.93540,  99.47991, 102.16761, 103.97450, 104.88435, 104.88894, 103.98810, 102.18977,  99.50984,  95.97208,  91.60781,  86.45562,  80.56097,  73.97572,  66.75757,  58.96956,  50.67935,  41.95867,  32.88254,  23.52864,  13.97655,   4.30707,  -5.39851, -15.05908, -24.59441, -33.92580, -42.97669, -51.67327, -59.94502, -67.72525, -74.95156, -81.56629, -87.51690, -92.75635, -97.24336,-100.94274,-103.82557,-105.86939,-107.05833,-107.38322,-106.84163,-105.43790,-103.18308,-100.09489, -96.19758, -91.52180, -86.10438, -79.98810, -73.22143, -65.85817, -57.95713, -49.58167, -40.79932, -31.68124, -22.30174, -12.73768,  -3.06791,   6.62737,  16.26724,  25.77077,  35.05767,  44.04900,  52.66788,  60.84019,  68.49528,  75.56659,  81.99234
  50.87374,  46.55099,  38.88952,  28.43472,  15.93183,   2.27711, -11.54228, -24.51673, -35.68734, -44.21842, -49.46373, -51.02004, -48.76229, -42.85604, -33.74535, -22.11681,  -8.84359,   5.08479,  18.63998,  30.83229,  40.78218,  47.78069,  51.33570,  51.20220,  47.39595,  40.19069,  30.09950,  17.84135,   4.29405,  -9.56434, -22.72301, -34.21111, -43.17072, -48.92441, -51.03099, -49.32365, -43.92594, -35.24315, -23.92973, -10.83584,   3.06118,  16.73372,  29.18184,  39.50596,  46.96912,  51.04544,  51.45278,  48.16882,  41.43065,  31.71832,  19.72352,   6.30437,  -7.57159, -20.89388, -32.68125, -42.05501, -48.30771, -50.96101, -49.80671, -44.92613, -36.68514, -25.70488, -12.81107,   1.03278,  14.80146,  27.48633,  38.16906,  46.08572,  50.67736,  51.62508,  48.86845,  42.60753,  33.28872,  21.57546,   8.30499,  -5.56711, -19.03220, -31.10020, -40.87309, -47.61465, -50.81024, -50.21070, -45.85503, -38.06902, -27.43945, -14.76616,  -0.99723,  12.84620,  25.74833,  36.77347,  45.13179,  50.23201,  51.71882,  49.49375,  43.71956,  34.80833,  23.39436,  10.29283,  -3.55402, -17.14090, -29.47048, -39.62688, -46.84636, -50.57896, -50.53500, -46.71114, -39.39258, -29.13067, -16.69802,  -3.02569,  10.87095,  23.97050,  35.32132,  44.10876,  49.71002,  51.73384,  50.04379,  44.76506,  36.27486,  25.17746,  12.26484,  -1.53543, -15.22295, -27.79467, -38.31837, -46.00410, -50.26755, -50.77910, -47.49311, -40.65369, -30.77585, -18.60360,  -5.04940,   8.87877,  22.15556,  33.81478,  43.01814,  49.11216,  51.67010,  50.51773,  45.74246,  37.68609,  26.92205,  14.21801,   0.48553, -13.28136, -26.07544, -36.94966, -45.08924, -49.87654, -50.94263, -48.19968, -41.85034, -32.37236, -20.47987,  -7.06519,   6.87275,  20.30630,  32.25613,  41.86157,  48.43930,  51.52768,  50.91484,  46.65027,  39.03989,  28.62548,  16.14936,   2.50574, -11.31914, -24.31549, -35.52296, -44.10326, -49.40658, -51.02534, -48.82974, -42.98061, -33.91764, -22.32386,  -9.06991,   4.85601,  18.42554,  30.64775,  40.64078,  47.69244,  51.30676,  51.23451,  47.48713,  40.33422,  30.28518,  18.05592,   4.52209,  -9.33938, -22.51762, -34.04053, -43.04777, -48.85844, -51.02712, -49.38228, -44.04269, -35.40924
  65.43342,  62.08046,  56.63146,  49.27825,  40.27871,  29.94487,  18.62906,   6.70916,  -5.42609, -17.39103, -28.81553, -39.35572, -48.70278, -56.58991, -62.79750, -67.15682, -69.55241, -69.92336, -68.26370, -64.62200, -59.10023, -51.85190, -43.07939, -33.03038, -21.99318, -10.29086,   1.72610,  13.68862,  25.21941,  35.94481,  45.50779,  53.58161,  59.88352,  64.18749,  66.33524,  66.24449,  63.91363,  59.42249,  52.92885,  44.66113,  34.90772,  24.00396,  12.31769,   0.23438, -11.85725, -23.57836, -34.57162, -44.51091, -53.10908, -60.12396, -65.36274, -68.68490, -70.00399, -69.28842, -66.56143, -61.90028, -55.43473, -47.34475, -37.85742, -27.24276, -15.80844,  -3.89316,   8.14145,  19.92055,  31.06724,  41.21506,  50.02142,  57.18139,  62.44100,  65.60917,  66.56736,  65.27600,  61.77713,  56.19288,  48.71986,  39.62000,  29.20849,  17.83985,   5.89318,  -6.24260, -18.18249, -29.55782, -40.02682, -49.28331, -57.06352, -63.15119, -67.38110, -69.64146, -69.87504, -68.07959, -64.30730, -58.66371, -51.30569, -42.43882, -32.31368, -21.22112,  -9.48630,   2.53876,  14.48405,  25.97217,  36.63014,  46.10254,  54.06520,  60.23876,  64.40148,  66.39997,  66.15728,  63.67732,  59.04532,  52.42412,  44.04654,  34.20457,  23.23620,  11.51092,  -0.58514, -12.66350, -24.34646, -35.27850, -45.13590, -53.63437, -60.53497, -65.64832, -68.83750, -70.01975, -69.16719, -66.30674, -61.51925, -54.93794, -46.74609, -37.17378, -26.49378, -15.01607,  -3.08117,   8.94809,  20.69635,  31.78701,  41.85478,  50.55920,  57.59836,  62.72216,  65.74416,  66.55098,  65.10851,  61.46429,  55.74568,  48.15404,  38.95530,  28.46774,  17.04802,   5.07633,  -7.05822, -18.97138, -30.29598, -40.69239, -49.85710, -57.52942, -63.49641, -67.59641, -69.72127, -69.81748, -67.88646, -63.98408, -58.21937, -50.75261, -41.79252, -31.59257, -20.44613,  -8.68041,   3.35105,  15.27740,  26.72114,  37.31006,  46.69042,  54.54062,  60.58484,  64.60560,  66.45448,  66.05986,  63.43119,  58.65909,  51.91139,  43.42528,  33.49628,  22.46498,  10.70246,  -1.40457, -13.46795, -25.11113, -35.98047, -45.75468, -54.15238, -60.93782, -65.92512, -68.98094, -70.02623, -69.03682, -66.04327, -61.13004, -54.43382, -46.14113
  84.25075,  81.58853,  77.62834,  72.42979,  66.07186,  58.65202,  50.28518,  41.10227,  31.24863,  20.88210,  10.17077,  -0.70945, -11.57761, -22.25066, -32.54663, -42.28792, -51.30464, -59.43796, -66.54337, -72.49369, -77.18185, -80.52320, -82.45744, -82.94991, -81.99239, -79.60322, -75.82682, -70.73259, -64.41334, -56.98311, -48.57470, -39.33679, -29.43091, -19.02821,  -8.30622,   2.55439,  13.37288,  23.97149,  34.17813,  43.82903,  52.77097,  60.86338,  67.98015,  74.01118,  78.86367,  82.46324,  84.75473,  85.70285,  85.29261,  83.52948,  80.43942,  76.06863,  70.48310,  63.76793,  56.02640,  47.37881,  37.96096,  27.92250,  17.42485,   6.63893,  -4.25739, -15.08215, -25.65229, -35.78690, -45.31051, -54.05647, -61.87027, -68.61272, -74.16290, -78.42080, -81.30951, -82.77696, -82.79704, -81.37021, -78.52336, -74.30919, -68.80493, -62.11056, -54.34650, -45.65107, -36.17746, -26.09070, -15.56436,  -4.77734,   6.08931,  16.85552,  27.34507,  37.38832,  46.82469,  55.50485,  63.29278,  70.06739,  75.72410,  80.17600,  83.35487,  85.21197,  85.71858,  84.86636,  82.66746,  79.15446,  74.38006,  68.41657,  61.35511,  53.30466,  44.39072,  34.75381,  24.54764,  13.93700,   3.09536,  -7.79776, -18.55970, -29.00773, -38.96235, -48.25059, -56.70941, -64.18892, -70.55557, -75.69500, -79.51447, -81.94501, -82.94290, -82.49065, -80.59736, -77.29842, -72.65468, -66.75101, -59.69429, -51.61109, -42.64489, -32.95310, -22.70386, -12.07286,  -1.24004,   9.61356,  20.30879,  30.67129,  40.53412,  49.74011,  58.14408,  65.61468,  72.03604,  77.30922,  81.35329,  84.10629,  85.52595,  85.59017,  84.29725,  81.66603,  77.73567,  72.56534,  66.23355,  58.83737,  50.49130,  41.32591,  31.48624,  21.12985,  10.42462,  -0.45370, -11.32423, -22.00396, -32.31083, -42.06711, -51.10269, -59.25845, -66.38949, -72.36822, -77.08704, -80.46077, -82.42850, -82.95498, -82.03136, -79.67536, -75.93079, -70.86650, -64.57475, -57.16912, -48.78200, -39.56175, -29.66961, -19.27655,  -8.55998,   2.29945,  13.12098,  23.72674,  33.94449,  43.61022,  52.57045,  60.68429,  67.82527,  73.88289,  78.76395,  82.39362,  84.71627,  85.69615,  85.31779,  83.58617,  80.52678,  76.18535,  70.62741,  63.93762
 120.77327, 118.81087, 116.20807, 112.97988, 109.14495, 104.72543,  99.74674,  94.23742,  88.22882,  81.75493,  74.85203,  67.55844,  59.91425,  51.96101,  43.74143,  35.29912,  26.67826,  17.92341,   9.07915,   0.18990,  -8.70034, -17.54819, -26.31114, -34.94768, -43.41751, -51.68168, -59.70273, -67.44482, -74.87383, -81.95747, -88.66537, -94.96912,-100.84235,-106.26081,-111.20235,-115.64703,-119.57708,-122.97697,-125.83341,-128.13536,-129.87402,-131.04289,-131.63771,-131.65650,-131.09952,-129.96930,-128.27061,-126.01045,-123.19804,-119.84481,-115.96435,-111.57244,-106.68697,-101.32795, -95.51745, -89.27956, -82.64037, -75.62788, -68.27195, -60.60426, -52.65819, -44.46874, -36.07244, -27.50725, -18.81238, -10.02823,  -1.19617,   7.64161,  16.44225,  25.16245,  33.75868,  42.18737,  50.40521,  58.36933,  66.03760,  73.36889,  80.32334,  86.86264,  92.95032,  98.55199, 103.63564, 108.17191, 112.13430, 115.49940, 118.24716, 120.36098, 121.82795, 122.63891, 122.78859, 122.27565, 121.10267, 119.27621, 116.80668, 113.70831, 109.99898, 105.70014, 100.83653,  95.43605,  89.52950,  83.15032,  76.33433,  69.11946,  61.54544,  53.65355,  45.48628,  37.08705,  28.49998,  19.76955,  10.94036,   2.05688,  -6.83676, -15.69707, -24.48132, -33.14777, -41.65586, -49.96634, -58.04144, -65.84495, -73.34240, -80.50111, -87.29028, -93.68109, -99.64676,-105.16255,-110.20591,-114.75640,-118.79581,-122.30814,-125.27961,-127.69872,-129.55621,-130.84508,-131.56061,-131.70033,-131.26405,-130.25380,-128.67390,-126.53088,-123.83349,-120.59270,-116.82164,-112.53565,-107.75217,-102.49077, -96.77308, -90.62278, -84.06555, -77.12898, -69.84255, -62.23758, -54.34707, -46.20572, -37.84973, -29.31676, -20.64580, -11.87699,  -3.05150,   5.78861,  14.60062,  23.34130,  31.96716,  40.43462,  48.70028,  56.72116,  64.45496,  71.86032,  78.89709,  85.52660,  91.71198,  97.41837, 102.61326, 107.26670, 111.35156, 114.84379, 117.72259, 119.97064, 121.57424, 122.52344, 122.81213, 122.43816, 121.40328, 119.71322, 117.37759, 114.40981, 110.82704, 106.64996, 101.90266,  96.61239,  90.80935,  84.52645,  77.79905,  70.66465,  63.16263,  55.33396,  47.22090,  38.86672,  30.31539,  21.61134,  12.79918,   3.92342
  65.52724,  62.23032,  56.84757,  49.57393,  40.66841,  30.44104,  19.23845,   7.42899,  -4.61153, -16.51280, -27.92109, -38.50854, -47.98037, -56.08046, -62.59536, -67.35706, -70.24492, -71.18674, -70.15937, -67.18885, -62.35017, -55.76655, -47.60821, -38.09045, -27.47076, -16.04472,  -4.14051,   7.88842,  19.67248,  30.83703,  41.01522,  49.86216,  57.06965,  62.38063,  65.60206,  66.61518,  65.38204,  61.94773,  56.43789,  49.05189,  40.05238,  29.75220,  18.49979,   6.66438,  -5.37819, -17.25836, -28.62379, -39.14853, -48.54013, -56.54507, -62.95273, -67.59808, -70.36352, -71.17999, -70.02745, -66.93510, -61.98100, -55.29143, -47.03955, -37.44344, -26.76314, -15.29652,  -3.37359,   8.65088,  20.40661,  31.51908,  41.62239,  50.37354,  57.46720,  62.65000,  65.73337,  66.60355,  65.22787,  61.65668,  56.02056,  48.52327,  39.43106,  29.05948,  17.75875,   5.89893,  -6.14419, -18.00181, -29.32306, -39.78391, -49.09424, -57.00318, -63.30293, -67.83144, -70.47419, -71.16522, -69.88764, -66.67376, -61.60477, -54.80995, -46.46541, -36.79200, -26.05232, -14.54646,  -2.60625,   9.41225,  21.13813,  32.19702,  42.22405,  50.87818,  57.85696,  62.91081,  65.85566,  66.58276,  65.06476,  61.35722,  55.59565,  47.98815,  38.80453,  28.36299,  17.01544,   5.13274,  -6.90942, -18.74308, -30.01882, -40.41460, -49.64264, -57.45473, -63.64591, -68.05712, -70.57691, -71.14243, -69.73994, -66.40488, -61.22151, -54.32216, -45.88586, -36.13622, -25.33838, -13.79462,  -1.83859,  10.17242,  21.86693,  32.87076,  42.82012,  51.37599,  58.23887,  63.16302,  65.96890,  66.55283,  64.89272,  61.04938,  55.16322,  47.44661,  38.17287,  27.66280,  16.26996,   4.36590,  -7.67380, -19.48207, -30.71100, -41.04052, -50.18528, -57.89968, -63.98164, -68.27510, -70.67168, -71.11164, -69.58438, -66.12846, -60.83126, -53.82811, -45.30096, -35.47617, -24.62139, -13.04110,  -1.07070,  10.93132,  22.59293,  33.54020,  43.41051,  51.86690,  58.61289,  63.40660,  66.07309,  66.51375,  64.71178,  60.73322,  54.72333,  46.89873,  37.53618,  26.95902,  15.52239,   3.59851,  -8.43724, -20.21870, -31.39951, -41.66163, -50.72208, -58.33798, -64.31009, -68.48536, -70.75847, -71.07283, -69.42096, -65.84455
 103.48073, 101.24529,  98.14267,  94.20120,  89.45715,  83.95415,  77.74259,  70.87894,  63.42493,  55.44679,  47.01436,  38.20025,  29.07903,  19.72639,  10.21838,   0.63071,  -8.96197, -18.48657, -27.87221, -37.05060, -45.95647, -54.52796, -62.70683, -70.43875, -77.67347, -84.36496, -90.47151, -95.95584,-100.78512,-104.93101,-108.36967,-111.08175,-113.05241,-114.27124,-114.73231,-114.43407,-113.37937,-111.57539,-109.03365,-105.76993,-101.80423, -97.16078, -91.86795, -85.95820, -79.46803, -72.43789, -64.91212, -56.93880, -48.56965, -39.85986, -30.86789, -21.65525, -12.28624,  -2.82760,   6.65179,  16.08137,  25.38936,  34.50330,  43.35058,  51.85910,  59.95799,  67.57824,  74.65355,  81.12102,  86.92201,  92.00284,  96.31560,  99.81881, 102.47808, 104.26666, 105.16588, 105.16553, 104.26401, 102.46847,  99.79471,  96.26698,  91.91764,  86.78673,  80.92137,  74.37508,  67.20707,  59.48145,  51.26635,  42.63312,  33.65544,  24.40856,  14.96843,   5.41102,  -4.18841, -13.75593, -23.21949, -32.50945, -41.55900, -50.30454, -58.68598, -66.64705, -74.13541, -81.10293, -87.50575, -93.30435, -98.46370,-102.95321,-106.74679,-109.82288,-112.16437,-113.75866,-114.59760,-114.67744,-113.99886,-112.56689,-110.39088,-107.48449,-103.86564, -99.55646, -94.58324, -88.97643, -82.77052, -76.00400, -68.71930, -60.96263, -52.78394, -44.23670, -35.37776, -26.26715, -16.96782,  -7.54533,   1.93245,  11.39574,  20.77332,  29.99299,  38.98213,  47.66832,  55.97999,  63.84709,  71.20190,  77.97971,  84.11967,  89.56554,  94.26643,  98.17758, 101.26100, 103.48607, 104.83004, 105.27845, 104.82540, 103.47369, 101.23481,  98.12884,  94.18415,  89.43704,  83.93115,  77.71693,  70.85084,  63.39465,  55.41459,  46.98052,  38.16507,  29.04279,  19.68939,  10.18093,   0.59308,  -8.99946, -18.52366, -27.90862, -37.08606, -45.99074, -54.56080, -62.73802, -70.46809, -77.70077, -84.39004, -90.49423, -95.97605,-100.80271,-104.94587,-108.38172,-111.09093,-113.05865,-114.27453,-114.73262,-114.43141,-113.37376,-111.56687,-109.02227,-105.75575,-101.78735, -97.14130, -91.84599, -85.93389, -79.44152, -72.40935, -64.88173, -56.90676, -48.53617, -39.82516, -30.83220, -21.61882, -12.24932,  -2.79046,   6.68887
  63.00858,  59.58148,  53.88989,  46.13362,  36.58739,  25.59764,  13.57743,   0.99858, -11.62018, -23.73008, -34.77488, -44.21903, -51.58027, -56.46392, -58.59503, -57.84346, -54.23781, -47.96518, -39.35650, -28.85976, -17.00532,  -4.36854,   8.46601,  20.93513,  32.52111,  42.76883,  51.29686,  57.80365,  62.07022,  63.96061,  63.42114,  60.47901,  55.24070,  47.89026,  38.68720,  27.96351,  16.11902,   3.61428,  -9.04048, -21.30103, -32.61053, -42.42660, -50.25320, -55.67481, -58.38942, -58.23546, -55.20832, -49.46315, -41.30306, -31.15453, -19.53400,  -7.01055,   5.83041,  18.41908,  30.22675,  40.78429,  49.69444,  56.63884,  61.38138,  63.76902,  63.73120,  61.27856,  56.50137,  49.56783,  40.72208,  30.28148,  18.63235,   6.22347,  -6.44406, -18.83147, -30.38247, -40.54924, -48.82340, -54.77003, -58.06121, -58.50466, -56.06268, -50.85795, -43.16470, -33.38649, -22.02420,  -9.63911,   3.18393,  15.86960,  27.87895,  38.72939,  48.00809,  55.38005,  60.59205,  63.47394,  63.93823,  61.97893,  57.67002,  51.16377,  42.68886,  32.54781,  21.11317,   8.82153,  -3.83578, -16.32628, -28.09538, -38.59110, -47.29420, -53.75179, -57.61130, -58.65053, -56.79895, -52.14641, -44.93729, -35.55084, -24.47079, -12.24907,   0.53148,  13.29114,  25.48160,  36.60734,  46.24033,  54.02906,  59.70329,  63.07571,  64.04186,  62.57905,  58.74491,  52.67570,  44.58451,  34.75888,  23.55734,  11.40389,  -1.22048, -13.79039, -25.75399, -36.55645, -45.66911, -52.62255, -57.04086, -58.67284, -57.41551, -53.32562, -46.61688, -37.64290, -26.86871, -14.83526,  -2.12196,  10.68828,  23.03871,  34.42151,  44.39381,  52.58782,  58.71630,  62.57481,  64.04186,  63.07801,  59.72444,  54.10133,  46.40611,  36.91118,  25.96081,  13.96605,   1.39705, -11.22872, -23.36311, -34.44970, -43.95182, -51.38501, -56.35134, -58.57166, -57.91100, -54.39292, -48.19969, -39.65809, -29.21291, -17.39251,  -4.77138,   8.06569,  20.55443,  32.17541,  42.47135,  51.05840,  57.63244,  61.97187,  63.93814,  63.47500,  60.60713,  55.43854,  48.15088,  39.00132,  28.31963,  16.50362,   4.01206,  -8.64616, -20.92757, -32.27535, -42.14620, -50.04210, -55.54449, -58.34734, -58.28436, -55.34589, -49.68218, -41.59199
 110.48430, 108.37318, 105.49769, 101.87711,  97.53580,  92.50302,  86.81284,  80.50395,  73.61951,  66.20691,  58.31754,  50.00653,  41.33243,  32.35688,  23.14425,  13.76124,   4.27644,  -5.24010, -14.71741, -24.08408, -33.26883, -42.20106, -50.81144, -59.03249, -66.79918, -74.04954, -80.72523, -86.77210, -92.14075, -96.78702,-100.67244,-103.76467,-106.03782,-107.47276,-108.05732,-107.78643,-106.66219,-104.69384,-101.89767, -98.29685, -93.92118, -88.80676, -82.99562, -76.53527, -69.47823, -61.88150, -53.80596, -45.31586, -36.47815, -27.36190, -18.03771,  -8.57709,   0.94810,  10.46626,  19.90654,  29.19939,  38.27701,  47.07384,  55.52696,  63.57647,  71.16585,  78.24226,  84.75685,  90.66499,  95.92650, 100.50583, 104.37224, 107.49991, 109.86807, 111.46110, 112.26854, 112.28519, 111.51108, 109.95150, 107.61695, 104.52309, 100.69070,  96.14557,  90.91836,  85.04450,  78.56400,  71.52128,  63.96491,  55.94739,  47.52487,  38.75684,  29.70577,  20.43675,  11.01708,   1.51581,  -7.99668, -17.44925, -26.77047, -35.88919, -44.73512, -53.23941, -61.33521, -68.95835, -76.04783, -82.54647, -88.40145, -93.56484, -97.99408,-101.65245,-104.50944,-106.54109,-107.73027,-108.06687,-107.54788,-106.17750,-103.96701,-100.93472, -97.10577, -92.51179, -87.19067, -81.18607, -74.54700, -67.32735, -59.58528, -51.38274, -42.78479, -33.85908, -24.67519, -15.30403,  -5.81728,   3.71322,  13.21604,  22.62064,  31.85794,  40.86074,  49.56421,  57.90627,  65.82796,  73.27379,  80.19206,  86.53513,  92.25962,  97.32667, 101.70213, 105.35666, 108.26591, 110.41059, 111.77656, 112.35490, 112.14191, 111.13916, 109.35345, 106.79677, 103.48631,  99.44428,  94.69790,  89.27924,  83.22508,  76.57672,  69.37980,  61.68407,  53.54313,  45.01411,  36.15742,  27.03631,  17.71657,   8.26605,  -1.24577, -10.74823, -20.17005, -29.43982, -38.48659, -47.24042, -55.63298, -63.59814, -71.07258, -77.99636, -84.31351, -89.97257, -94.92711, -99.13624,-102.56498,-105.18470,-106.97340,-107.91598,-108.00436,-107.23764,-105.62206,-103.17097, -99.90469, -95.85026, -91.04117, -85.51703, -79.32309, -72.50985, -65.13247, -57.25029, -48.92622, -40.22612, -31.21828, -21.97271, -12.56063,  -3.05379,   6.47601,  15.95754
  65.54864,  62.24443,  56.84367,  49.52317,  40.52276,  30.13946,  18.72002,   6.65162,  -5.64912, -17.74910, -29.21324, -39.62043, -48.58015, -55.74920, -60.84741, -63.67133, -64.10488, -62.12583, -57.80773, -51.31680, -42.90410, -32.89350, -21.66649,  -9.64482,   2.72765,  15.00292,  26.74570,  37.54845,  47.04423,  54.91724,  60.91093,  64.83395,  66.56408,  66.05036,  63.31350,  58.44492,  51.60423,  43.01534,  32.96100,  21.77582,   9.83743,  -2.44406, -14.63849, -26.30983, -37.03173, -46.40407, -54.06974, -59.73073, -63.16242, -64.22514, -62.87181, -59.15111, -53.20568, -45.26547, -35.63671, -24.68748, -12.83077,  -0.50644,  11.83691,  23.75915,  34.84416,  44.71333,  53.03663,  59.54140,  64.01886,  66.32848,  66.40062,  64.23734,  59.91181,  53.56618,  45.40805,  35.70546,  24.78026,  12.99981,   0.76689, -11.49228, -23.34175, -34.35108, -44.11169, -52.25366, -58.46210, -62.49202, -64.18069, -63.45640, -60.34284, -54.95860, -47.51175, -38.28994, -27.64665, -15.98490,  -3.73929,   8.64215,  20.71550,  32.05699,  42.27706,  51.03209,  58.03374,  63.05606,  65.94044,  66.59858,  65.01386,  61.24106,  55.40462,  47.69552,  38.36659,  27.72639,  16.13132,   3.97601,  -8.31820, -20.31646, -31.58536, -41.70901, -50.30580, -57.04498, -61.66203, -63.97175, -63.87812, -61.37978, -56.57091, -49.63706, -40.84630, -30.53644, -19.09927,  -6.96292,   5.42635,  17.62193,  29.19335,  39.74093,  48.90805,  56.39120,  61.94760,  65.40072,  66.64373,  65.64131,  62.42971,  57.11547,  49.87260,  40.93835,  30.60742,  19.22462,   7.17561,  -5.12400, -17.24151, -28.74163, -39.20230, -48.23135, -55.48322, -60.67475, -63.59898, -64.13590, -62.25920, -58.03838, -51.63580, -43.29914, -33.34943, -22.16604, -10.16937,   2.19730,  14.48577,  26.25991,  37.11070,  46.66925,  54.61737,  60.69583,  64.71042,  66.53591,  66.11824,  63.47511,  58.69491,  51.93443,  43.41492,  33.41675,  22.27248,  10.35809,  -1.91743, -14.12453, -25.82710, -36.59804, -46.03578, -53.78103, -59.53293, -63.06346, -64.22914, -62.97883, -59.35711, -53.50271, -45.64204, -36.07835, -25.17741, -13.35064,  -1.03713,  11.31453,  23.26351,  34.39239,  44.32069,  52.71613,  59.30343,  63.87097,  66.27525,  66.44356
 116.03318, 114.02573, 111.32578, 107.95139, 103.92506,  99.27355,  94.02755,  88.22141,  81.89276,  75.08217,  67.83277,  60.18983,  52.20041,  43.91294,  35.37685,  26.64222,  17.75937,   8.77861,  -0.25014,  -9.27762, -18.25547, -27.13649, -35.87486, -44.42632, -52.74832, -60.80023, -68.54338, -75.94124, -82.95946, -89.56598, -95.73107,-101.42737,-106.62999,-111.31644,-115.46673,-119.06337,-122.09136,-124.53820,-126.39391,-127.65103,-128.30459,-128.35215,-127.79374,-126.63192,-124.87173,-122.52068,-119.58879,-116.08851,-112.03478,-107.44496,-102.33884, -96.73862, -90.66887, -84.15651, -77.23076, -69.92311, -62.26721, -54.29887, -46.05594, -37.57818, -28.90720, -20.08630, -11.16031,  -2.17543,   6.82097,  15.78059,  24.65440,  33.39293,  41.94659,  50.26590,  58.30189,  66.00643,  73.33256,  80.23492,  86.67007,  92.59692,  97.97710, 102.77527, 106.95957, 110.50187, 113.37808, 115.56845, 117.05776, 117.83550, 117.89600, 117.23851, 115.86719, 113.79110, 111.02408, 107.58463, 103.49568,  98.78439,  93.48184,  87.62269,  81.24489,  74.38929,  67.09922,  59.42016,  51.39932,  43.08525,  34.52745,  25.77604,  16.88136,   7.89369,  -1.13711, -10.16184, -19.13225, -28.00128, -36.72323, -45.25402, -53.55128, -61.57456, -69.28540, -76.64748, -83.62667, -90.19113, -96.31137,-101.96029,-107.11319,-111.74785,-115.84454,-119.38598,-122.35744,-124.74666,-126.54390,-127.74196,-128.33610,-128.32413,-127.70635,-126.48553,-124.66696,-122.25842,-119.27014,-115.71484,-111.60768,-106.96626,-101.81062, -96.16319, -90.04877, -83.49450, -76.52984, -69.18647, -61.49829, -53.50129, -45.23351, -36.73491, -28.04728, -19.21405, -10.28022,  -1.29210,   7.70285,  16.65622,  25.51895,  34.24153,  42.77437,  51.06803,  59.07360,  66.74304,  74.02956,  80.88794,  87.27498,  93.14983,  98.47438, 103.21366, 107.33612, 110.81403, 113.62372, 115.74587, 117.16572, 117.87323, 117.86322, 117.13539, 115.69441, 113.54981, 110.71589, 107.21160, 103.06030,  98.28954,  92.93076,  87.01897,  80.59242,  73.69221,  66.36192,  58.64720,  50.59541,  42.25521,  33.67618,  24.90847,  16.00245,   7.00834,  -2.02402, -11.04554, -20.00806, -28.86464, -37.56976, -46.07947, -54.35160, -62.34587, -70.02405, -77.35002
 125.49027, 123.60688, 121.12867, 118.06707, 114.43603, 110.25202, 105.53400, 100.30335,  94.58385,  88.40163,  81.78509,  74.76487,  67.37373,  59.64651,  51.62002,  43.33295,  34.82570,  26.14031,  17.32028,   8.41040,  -0.54339,  -9.49426, -18.39466, -27.19656, -35.85173, -44.31198, -52.52946, -60.45695, -68.04819, -75.25819, -82.04357, -88.36290, -94.17701, -99.44936,-104.14635,-108.23759,-111.69625,-114.49930,-116.62773,-118.06679,-118.80613,-118.83991,-118.16694,-116.79066,-114.71913,-111.96501,-108.54541,-104.48176, -99.79961, -94.52840, -88.70117, -82.35431, -75.52718, -68.26181, -60.60253, -52.59558, -44.28880, -35.73119, -26.97261, -18.06339,  -9.05400,   0.00524,   9.06452,  18.07477,  26.98796,  35.75733,  44.33758,  52.68512,  60.75818,  68.51701,  75.92402,  82.94383,  89.54346,  95.69233, 101.36238, 106.52811, 111.16660, 115.25760, 118.78347, 121.72929, 124.08279, 125.83439, 126.97722, 127.50706, 127.42236, 126.72424, 125.41644, 123.50534, 120.99989, 117.91163, 114.25464, 110.04551, 105.30330, 100.04950,  94.30802,  88.10507,  81.46918,  74.43107,  67.02360,  59.28172,  51.24232,  42.94416,  34.42774,  25.73515,  16.90997,   7.99705,  -0.95765,  -9.90724, -18.80414, -27.60033, -36.24755, -44.69763, -52.90273, -60.81569, -68.39028, -75.58159, -82.34632, -88.64314, -94.43299, -99.67946,-104.34908,-108.41164,-111.84047,-114.61271,-116.70956,-118.11647,-118.82327,-118.82437,-118.11877,-116.71013,-114.60673,-111.82143,-108.37155,-104.27871, -99.56865, -94.27097, -88.41889, -82.04893, -75.20060, -67.91602, -60.23963, -52.21776, -43.89829, -35.33029, -26.56363, -17.64867,  -8.63587,   0.42447,   9.48255,  18.48937,  27.39693,  36.15854,  44.72898,  53.06473,  61.12412,  68.86751,  76.25737,  83.25847,  89.83791,  95.96524, 101.61252, 106.75435, 111.36796, 115.43320, 118.93256, 121.85124, 124.17710, 125.90070, 127.01525, 127.51669, 127.40359, 126.67718, 125.34133, 123.40253, 120.86986, 117.75498, 114.07208, 109.83786, 105.07150,  99.79461,  94.03120,  87.80759,  81.15241,  74.09647,  66.67276,  58.91630,  50.86407,  42.55491,  34.02940,  25.32971,  16.49948,   7.58360,  -1.37190, -10.32011, -19.21342, -28.00378, -36.64295, -45.08275, -53.27538, -61.17370
  86.89064,  84.30696,  80.50009,  75.52129,  69.43805,  62.33368,  54.30665,  45.46980,  35.94933,  25.88358,  15.42156,   4.72122,  -6.05264, -16.73061, -27.14131, -37.11422, -46.48276, -55.08748, -62.77935, -69.42301, -74.89986, -79.11094, -81.97938, -83.45238, -83.50258, -82.12885, -79.35627, -75.23553, -69.84160, -63.27179, -55.64339, -47.09078, -37.76238, -27.81737, -17.42238,  -6.74825,   4.03308,  14.75147,  25.24122,  35.34343,  44.90810,  53.79587,  61.87956,  69.04540,  75.19403,  80.24133,  84.11904,  86.77522,  88.17457,  88.29867,  87.14605,  84.73219,  81.08945,  76.26681,  70.32960,  63.35899,  55.45143,  46.71785,  37.28269,  27.28273,  16.86563,   6.18820,  -4.58553, -15.28665, -25.74388, -35.78641, -45.24693, -53.96484, -61.78948, -68.58343, -74.22566, -78.61436, -81.66953, -83.33497, -83.57982, -82.39934, -79.81506, -75.87424, -70.64865, -64.23267, -56.74104, -48.30598, -39.07419, -29.20357, -18.85994,  -8.21374,   2.56306,  13.29991,  23.83036,  33.99446,  43.64088,  52.62872,  60.82905,  68.12621,  74.41883,  79.62067,  83.66127,  86.48645,  88.05863,  88.35706,  87.37798,  85.13455,  81.65685,  76.99160,  71.20192,  64.36686,  56.58083,  47.95283,  38.60554,  28.67412,  18.30484,   7.65339,  -3.11707, -13.83815, -24.33873, -34.44777, -43.99728, -52.82557, -60.78041, -67.72242, -73.52813, -78.09297, -81.33381, -83.19112, -83.63053, -82.64369, -80.24859, -76.48904, -71.43353, -65.17353, -57.82113, -49.50635, -40.37411, -30.58097, -20.29187,  -9.67680,   1.09230,  11.84451,  22.41269,  32.63586,  42.36140,  51.44691,  59.76173,  67.18833,  73.62333,  78.97839,  83.18088,  86.17436,  87.91898,  88.39168,  87.58638,  85.51395,  82.20215,  77.69546,  72.05478,  65.35703,  57.69456,  49.17443,  39.91751,  30.05736,  19.73880,   9.11636,  -1.64770, -12.38556, -22.92631, -33.09871, -42.73421, -51.67004, -59.75250, -66.84026, -72.80750, -77.54692, -80.97232, -83.02087, -83.65468, -82.86183, -80.65672, -77.07970, -72.19600, -66.09406, -58.88331, -50.69152, -41.66174, -31.94915, -21.71774, -11.13700,  -0.37879,  10.38568,  20.98858,  31.26799,  41.07001,  50.25075,  58.67787,  66.23198,  72.80773,  78.31467,  82.67799,  85.83903,  87.75566,  88.40252
 126.28808, 124.34712, 121.81844, 118.71306, 115.04464, 110.82946, 106.08636, 100.83673,  95.10435,  88.91543,  82.29841,  75.28395,  67.90476,  60.19552,  52.19269,  43.93445,  35.46044,  26.81166,  18.03027,   9.15939,   0.24290,  -8.67478, -17.54890, -26.33462, -34.98726, -43.46251, -51.71671, -59.70708, -67.39199, -74.73118, -81.68603, -88.21978, -94.29778, -99.88769,-104.95970,-109.48672,-113.44455,-116.81207,-119.57131,-121.70765,-123.20984,-124.07013,-124.28427,-123.85154,-122.77477,-121.06030,-118.71790,-115.76073,-112.20521,-108.07094,-103.38052, -98.15941, -92.43575, -86.24020, -79.60570, -72.56728, -65.16185, -57.42797, -49.40561, -41.13593, -32.66107, -24.02387, -15.26768,  -6.43614,   2.42707,  11.27842,  20.07473,  28.77340,  37.33256,  45.71130,  53.86979,  61.76949,  69.37328,  76.64561,  83.55263,  90.06234,  96.14468, 101.77165, 106.91741, 111.55837, 115.67329, 119.24331, 122.25204, 124.68566, 126.53289, 127.78507, 128.43623, 128.48304, 127.92490, 126.76390, 125.00484, 122.65523, 119.72525, 116.22777, 112.17827, 107.59480, 102.49798,  96.91088,  90.85894,  84.36996,  77.47392,  70.20291,  62.59101,  54.67418,  46.49007,  38.07788,  29.47823,  20.73294,  11.88486,   2.97764,  -5.94442, -14.83665, -23.65423, -32.35238, -40.88667, -49.21320, -57.28891, -65.07178, -72.52110, -79.59773, -86.26432, -92.48553, -98.22831,-103.46205,-108.15879,-112.29345,-115.84393,-118.79130,-121.11989,-122.81741,-123.87503,-124.28742,-124.05279,-123.17289,-121.65297,-119.50176,-116.73139,-113.35731,-109.39814,-104.87558, -99.81423, -94.24144, -88.18711, -81.68350, -74.76502, -67.46804, -59.83063, -51.89235, -43.69403, -35.27752, -26.68548, -17.96113,  -9.14804,  -0.28990,   8.56969,  17.38743,  26.12051,  34.72682,  43.16513,  51.39528,  59.37831,  67.07663,  74.45422,  81.47668,  88.11144,  94.32782, 100.09719, 105.39303, 110.19107, 114.46931, 118.20818, 121.39051, 124.00170, 126.02967, 127.46497, 128.30080, 128.53301, 128.16017, 127.18353, 125.60708, 123.43749, 120.68413, 117.35904, 113.47691, 109.05501, 104.11318,  98.67373,  92.76140,  86.40327,  79.62865,  72.46902,  64.95786,  57.13056,  49.02425,  40.67771,  32.13112,  23.42595,  14.60476,   5.71099,  -3.21126
 105.14045, 102.97278,  99.96517,  96.14476,  91.54595,  86.20986,  80.18377,  73.52044,  66.27743,  58.51633,  50.30204,  41.70201,  32.78546,  23.62270,  14.28448,   4.84129,  -4.63715, -14.08247, -23.42806, -32.60955, -41.56509, -50.23573, -58.56562, -66.50224, -73.99661, -81.00335, -87.48085, -93.39134, -98.70091,-103.37959,-107.40137,-110.74419,-113.38996,-115.32457,-116.53786,-117.02363,-116.77964,-115.80756,-114.11301,-111.70552,-108.59852,-104.80933,-100.35916, -95.27307, -89.57996, -83.31254, -76.50725, -69.20424, -61.44731, -53.28373, -44.76422, -35.94273, -26.87627, -17.62468,  -8.25040,   1.18191,  10.60566,  19.95280,  29.15426,  38.14048,  46.84198,  55.18997,  63.11703,  70.55781,  77.44972,  83.73370,  89.35496,  94.26365,  98.41558, 101.77285, 104.30440, 105.98647, 106.80302, 106.74594, 105.81524, 104.01903, 101.37343,  97.90233,  93.63702,  88.61578,  82.88329,  76.49000,  69.49148,  61.94766,  53.92211,  45.48125,  36.69361,  27.62914,  18.35846,   8.95225,  -0.51936,  -9.98737, -19.38433, -28.64487, -37.70599, -46.50745, -54.99203, -63.10574, -70.79803, -78.02195, -84.73425, -90.89547, -96.47002,-101.42622,-105.73633,-109.37657,-112.32714,-114.57219,-116.09985,-116.90220,-116.97528,-116.31905,-114.93744,-112.83826,-110.03326,-106.53807,-102.37221, -97.55906, -92.12588, -86.10371, -79.52737, -72.43543, -64.87010, -56.87715, -48.50584, -39.80871, -30.84149, -21.66280, -12.33400,  -2.91882,   6.51693,  15.90579,  25.17907,  34.26736,  43.10106,  51.61101,  59.72911,  67.38902,  74.52686,  81.08195,  86.99756,  92.22160,  96.70734, 100.41408, 103.30771, 105.36127, 106.55531, 106.87825, 106.32657, 104.90487, 102.62580,  99.50991,  95.58534,  90.88738,  85.45801,  79.34526,  72.60256,  65.28803,  57.46376,  49.19502,  40.54951,  31.59666,  22.40687,  13.05088,   3.59913,  -5.87883, -15.31482, -24.64252, -33.79784, -42.71933, -51.34840, -59.62964, -67.51100, -74.94394, -81.88358, -88.28881, -94.12236, -99.35084,-103.94480,-107.87873,-111.13111,-113.68436,-115.52489,-116.64307,-117.03321,-116.69358,-115.62638,-113.83774,-111.33769,-108.14017,-104.26303, -99.72798, -94.56058, -88.79024, -82.45013, -75.57722, -68.21214, -60.39912, -52.18592, -43.62368
 114.59159, 112.54308, 109.78318, 106.32854, 102.20005,  97.42268,  92.02544,  86.04121,  79.50664,  72.46196,  64.95079,  57.01999,  48.71938,  40.10152,  31.22141,  22.13624,  12.90503,   3.58831,  -5.75226, -15.05429, -24.25502, -33.29179, -42.10249, -50.62597, -58.80254, -66.57442, -73.88623, -80.68541, -86.92271, -92.55263, -97.53377,-101.82930,-105.40724,-108.24078,-110.30858,-111.59495,-112.09002,-111.78983,-110.69640,-108.81771,-106.16761,-102.76570, -98.63716, -93.81247, -88.32718, -82.22152, -75.54006, -68.33130, -60.64723, -52.54290, -44.07592, -35.30601, -26.29449, -17.10383,  -7.79718,   1.56214,  10.91102,  20.18702,  29.32881,  38.27647,  46.97194,  55.35932,  63.38515,  70.99876,  78.15245,  84.80180,  90.90582,  96.42717, 101.33230, 105.59161, 109.17956, 112.07474, 114.26000, 115.72249, 116.45368, 116.44942, 115.70995, 114.23986, 112.04809, 109.14792, 105.55686, 101.29660,  96.39295,  90.87569,  84.77847,  78.13866,  70.99718,  63.39834,  55.38959,  47.02131,  38.34658,  29.42087,  20.30175,  11.04858,   1.72213,  -7.61574, -16.90255, -26.07552, -35.07207, -43.83024, -52.28913, -60.38939, -68.07370, -75.28720, -81.97795, -88.09742, -93.60089, -98.44785,-102.60241,-106.03360,-108.71569,-110.62844,-111.75732,-112.09364,-111.63462,-110.38348,-108.34938,-105.54733,-101.99807, -97.72784, -92.76818, -87.15559, -80.93120, -74.14039, -66.83242, -59.05990, -50.87844, -42.34611, -33.52298, -24.47065, -15.25176,  -5.92952,   3.43274,  12.77202,  22.02607,  31.13381,  40.03566,  48.67398,  56.99331,  64.94075,  72.46618,  79.52256,  86.06612,  92.05660,  97.45739, 102.23574, 106.36284, 109.81395, 112.56854, 114.61029, 115.92722, 116.51167, 116.36037, 115.47443, 113.85930, 111.52481, 108.48508, 104.75845, 100.36747,  95.33872,  89.70278,  83.49405,  76.75064,  69.51414,  61.82952,  53.74482,  45.31099,  36.58162,  27.61260,  18.46191,   9.18920,  -0.14450,  -9.47719, -18.74627, -27.88898, -36.84283, -45.54603, -53.93796, -61.95964, -69.55419, -76.66729, -83.24767, -89.24752, -94.62293, -99.33428,-103.34663,-106.63004,-109.15987,-110.91700,-111.88804,-112.06549,-111.44777,-110.03929,-107.85038,-104.89721,-101.20164, -96.79099, -91.69782, -85.95957, -79.61826
  97.23739,  94.85758,  91.49646,  87.18794,  81.97601,  75.91437,  69.06579,  61.50143,  53.29999,  44.54688,  35.33319,  25.75466,  15.91061,   5.90281,  -4.16563, -14.19144, -24.07224, -33.70769, -43.00046, -51.85730, -60.18988, -67.91570, -74.95881, -81.25056, -86.73013, -91.34508, -95.05176, -97.81563, -99.61150,-100.42370,-100.24611, -99.08216, -96.94473, -93.85601, -89.84718, -84.95817, -79.23723, -72.74050, -65.53150, -57.68055, -49.26418, -40.36445, -31.06819, -21.46630, -11.65289,  -1.72446,   8.22100,  18.08490,  27.76895,  37.17617,  46.21180,  54.78423,  62.80600,  70.19466,  76.87374,  82.77349,  87.83181,  91.99486,  95.21781,  97.46537,  98.71225,  98.94356,  98.15504,  96.35317,  93.55521,  89.78900,  85.09276,  79.51467,  73.11232,  65.95212,  58.10853,  49.66319,  40.70404,  31.32425,  21.62123,  11.69547,   1.64943,  -8.41357, -18.39050, -28.17971, -37.68201, -46.80167, -55.44743, -63.53330, -70.97947, -77.71300, -83.66848, -88.78857, -93.02450, -96.33644, -98.69377,-100.07531,-100.46943, -99.87404, -98.29660, -95.75394, -92.27207, -87.88593, -82.63900, -76.58293, -69.77705, -62.28781, -54.18825, -45.55731, -36.47917, -27.04246, -17.33955,  -7.46565,   2.48199,  12.40502,  22.20485,  31.78364,  41.04523,  49.89608,  58.24620,  66.01017,  73.10793,  79.46576,  85.01705,  89.70309,  93.47380,  96.28830,  98.11547,  98.93439,  98.73463,  97.51647,  95.29094,  92.07980,  87.91533,  82.83999,  76.90603,  70.17483,  62.71632,  54.60809,  45.93456,  36.78602,  27.25755,  17.44800,   7.45883,  -2.60698, -12.64613, -22.55601, -32.23590, -41.58794, -50.51819, -58.93749, -66.76239, -73.91589, -80.32815, -85.93711, -90.68900, -94.53880, -97.45052, -99.39754,-100.36267,-100.33834, -99.32649, -97.33857, -94.39531, -90.52654, -85.77086, -80.17524, -73.79464, -66.69148, -58.93506, -50.60100, -41.77053, -32.52981, -22.96916, -13.18223,  -3.26522,   6.68405,  16.56702,  26.28531,  35.74166,  44.84090,  53.49088,  61.60344,  69.09529,  75.88897,  81.91365,  87.10598,  91.41080,  94.78186,  97.18234,  98.58539,  98.97449,  98.34371,  96.69788,  94.05257,  90.43403,  85.87888,  80.43378,  74.15491,  67.10737,  59.36441,  51.00663,  42.12105,  32.80011,  23.14063
 127.07176, 125.18437, 122.71766, 119.68397, 116.09850, 111.97920, 107.34664, 102.22386,  96.63616,  90.61097,  84.17759,  77.36705,  70.21183,  62.74572,  55.00353,  47.02093,  38.83422,  30.48011,  21.99557,  13.41758,   4.78300,  -3.87164, -12.51025, -21.09737, -29.59829, -37.97918, -46.20716, -54.25048, -62.07854, -69.66200, -76.97285, -83.98447, -90.67167, -97.01077,-102.97959,-108.55751,-113.72552,-118.46618,-122.76369,-126.60389,-129.97425,-132.86389,-135.26360,-137.16582,-138.56465,-139.45585,-139.83682,-139.70663,-139.06599,-137.91726,-136.26443,-134.11312,-131.47058,-128.34567,-124.74885,-120.69220,-116.18934,-111.25549,-105.90741,-100.16338, -94.04320, -87.56814, -80.76092, -73.64567, -66.24790, -58.59445, -50.71341, -42.63409, -34.38695, -26.00350, -17.51625,  -8.95857,  -0.36462,   8.23077,  16.79225,  25.28405,  33.67015,  41.91444,  49.98087,  57.83364,  65.43738,  72.75734,  79.75958,  86.41119,  92.68048,  98.53721, 103.95276, 108.90034, 113.35520, 117.29483, 120.69906, 123.55032, 125.83371, 127.53715, 128.65148, 129.17056, 129.09130, 128.41371, 127.14090, 125.27907, 122.83746, 119.82826, 116.26656, 112.17019, 107.55961, 102.45775,  96.88982,  90.88315,  84.46698,  77.67226,  70.53142,  63.07818,  55.34732,  47.37448,  39.19592,  30.84836,  22.36875,  13.79408,   5.16120,  -3.49332, -12.13337, -20.72348, -29.22889, -37.61571, -45.85105, -53.90310, -61.74119, -69.33594, -76.65927, -83.68451, -90.38641, -96.74120,-102.72665,-108.32207,-113.50838,-118.26807,-122.58526,-126.44573,-129.83686,-132.74773,-135.16903,-137.09314,-138.51408,-139.42754,-139.83085,-139.72300,-139.10464,-137.97806,-136.34716,-134.21750,-131.59627,-128.49224,-124.91582,-120.87899,-116.39534,-111.48000,-106.14966,-100.42254, -94.31837, -87.85835, -81.06516, -73.96286, -66.57689, -58.93404, -51.06234, -42.99107, -34.75061, -26.37245, -17.88905,  -9.33374,  -0.74065,   7.85542,  16.41912,  24.91472,  33.30620,  41.55744,  49.63240,  57.49526,  65.11062,  72.44370,  79.46053,  86.12814,  92.41479,  98.29017, 103.72558, 108.69415, 113.17105, 117.13364, 120.56167, 123.43744, 125.74592, 127.47493, 128.61517, 129.16036, 129.10728, 128.45581, 127.20892, 125.37267, 122.95617, 119.97150
   9.35070,   8.78420,   8.21305,   7.66882,   7.18313,   6.78716,   6.51135,   6.38496,   6.43574,   6.68955,   7.17005,   7.89840,   8.89297,  10.16908,  11.73885,  13.61093,  15.79045,  18.27887,  21.07397,  24.16977,  27.55662,  31.22127,  35.14691,  39.31342,  43.69749,  48.27285,  53.01059,  57.87937,  62.84578,  67.87469,  72.92959,  77.97296,  82.96670,  87.87249,  92.65221,  97.26831, 101.68426, 105.86487, 109.77670, 113.38840, 116.67103, 119.59836, 122.14717, 124.29745, 126.03264, 127.33974, 128.20953, 128.63657, 128.61928, 128.15995, 127.26469, 125.94334, 124.20937, 122.07971, 119.57452, 116.71703, 113.53318, 110.05140, 106.30225, 102.31808,  98.13267,  93.78083,  89.29808,  84.72014,  80.08265,  75.42071,  70.76849,  66.15890,  61.62320,  57.19065,  52.88824,  48.74036,  44.76855,  40.99131,  37.42388,  34.07807,  30.96223,  28.08109,  25.43579,  23.02387,  20.83936,  18.87281,  17.11151,  15.53960,  14.13833,  12.88626,  11.75957,  10.73238,   9.77702,   8.86444,   7.96454,   7.04659,   6.07956,   5.03255,   3.87518,   2.57798,   1.11273,  -0.54715,  -2.42623,  -4.54681,  -6.92857,  -9.58832, -12.53978, -15.79336, -19.35599, -23.23101, -27.41809, -31.91317, -36.70847, -41.79253, -47.15029, -52.76321, -58.60944, -64.66402, -70.89912, -77.28428, -83.78677, -90.37183, -97.00311,-103.64296,-110.25286,-116.79380,-123.22667,-129.51267,-135.61371,-141.49280,-147.11442,-152.44490,-157.45275,-162.10901,-166.38751,-170.26513,-173.72208,-176.74204,-179.31234,-181.42409,-183.07222,-184.25554,-184.97674,-185.24230,-185.06243,-184.45094,-183.42506,-182.00520,-180.21476,-178.07984,-175.62889,-172.89244,-169.90275,-166.69337,-163.29883,-159.75425,-156.09487,-152.35576,-148.57132,-144.77500,-140.99883,-137.27316,-133.62627,-130.08407,-126.66985,-123.40398,-120.30376,-117.38320,-114.65290,-112.11993,-109.78782,-107.65648,-105.72229,-103.97812,-102.41346,-101.01458, -99.76470, -98.64421, -97.63092, -96.70039, -95.82617, -94.98021, -94.13315, -93.25474, -92.31419, -91.28058, -90.12325, -88.81218, -87.31835, -85.61418, -83.67382, -81.47353, -78.99196, -76.21048, -73.11340, -69.68822, -65.92582, -61.82061, -57.37061, -52.57759, -47.44704, -41.98820, -36.21396, -30.14082
 -18.20389, -17.49105, -16.78561, -16.07800, -15.35835, -14.61653, -13.84232, -13.02538, -12.15544, -11.22233, -10.21608,  -9.12700,  -7.94578,  -6.66357,  -5.27203,  -3.76345,  -2.13079,  -0.36779,   1.53103,   3.57024,   5.75348,   8.08342,  10.56170,  13.18887,  15.96443,  18.88671,  21.95295,  25.15923,  28.50048,  31.97048,  35.56191,  39.26631,  43.07417,  46.97491,  50.95696,  55.00779,  59.11395,  63.26117,  67.43441,  71.61790,  75.79526,  79.94958,  84.06346,  88.11916,  92.09865,  95.98372,  99.75609, 103.39748, 106.88972, 110.21489, 113.35534, 116.29387, 119.01378, 121.49897, 123.73406, 125.70443, 127.39637, 128.79710, 129.89488, 130.67910, 131.14028, 131.27022, 131.06197, 130.50992, 129.60985, 128.35894, 126.75578, 124.80044, 122.49442, 119.84071, 116.84373, 113.50936, 109.84489, 105.85899, 101.56171,  96.96440,  92.07965,  86.92129,  81.50425,  75.84455,  69.95920,  63.86611,  57.58403,  51.13244,  44.53145,  37.80173,  30.96438,  24.04086,  17.05287,  10.02221,   2.97076,  -4.07970, -11.10757, -18.09151, -25.01057, -31.84427, -38.57271, -45.17663, -51.63752, -57.93772, -64.06044, -69.98987, -75.71126, -81.21093, -86.47636, -91.49622, -96.26041,-100.76010,-104.98772,-108.93703,-112.60308,-115.98223,-119.07215,-121.87177,-124.38133,-126.60227,-128.53723,-130.19004,-131.56561,-132.66991,-133.50992,-134.09352,-134.42948,-134.52732,-134.39731,-134.05031,-133.49772,-132.75142,-131.82362,-130.72683,-129.47375,-128.07715,-126.54984,-124.90452,-123.15373,-121.30979,-119.38464,-117.38986,-115.33650,-113.23509,-111.09554,-108.92707,-106.73819,-104.53662,-102.32925,-100.12213, -97.92042, -95.72837, -93.54931, -91.38564, -89.23881, -87.10937, -84.99694, -82.90024, -80.81713, -78.74461, -76.67892, -74.61552, -72.54916, -70.47396, -68.38345, -66.27062, -64.12803, -61.94786, -59.72197, -57.44201, -55.09949, -52.68584, -50.19255, -47.61118, -44.93351, -42.15158, -39.25780, -36.24502, -33.10660, -29.83649, -26.42932, -22.88044, -19.18599, -15.34299, -11.34935,  -7.20395,  -2.90666,   1.54160,   6.13886,  10.88205,  15.76700,  20.78842,  25.93990,  31.21395,  36.60194,  42.09420,  47.67999,  53.34756,  59.08418,  64.87622,  70.70914,  76.56762,  82.43557,  88.29626
  -5.62443,  -4.75716,  -3.90390,  -3.06336,  -2.23420,  -1.41503,  -0.60442,   0.19913,   0.99713,   1.79113,   2.58267,   3.37334,   4.16471,   4.95835,   5.75581,   6.55865,   7.36838,   8.18647,   9.01438,   9.85348,  10.70513,  11.57059,  12.45109,  13.34774,  14.26161,  15.19367,  16.14479,  17.11575,  18.10722,  19.11977,  20.15386,  21.20983,  22.28790,  23.38816,  24.51059,  25.65503,  26.82118,  28.00863,  29.21681,  30.44502,  31.69245,  32.95811,  34.24091,  35.53960,  36.85280,  38.17900,  39.51656,  40.86370,  42.21852,  43.57900,  44.94298,  46.30821,  47.67230,  49.03278,  50.38705,  51.73242,  53.06612,  54.38528,  55.68696,  56.96814,  58.22573,  59.45658,  60.65751,  61.82526,  62.95657,  64.04813,  65.09660,  66.09867,  67.05097,  67.95019,  68.79300,  69.57609,  70.29622,  70.95016,  71.53472,  72.04680,  72.48335,  72.84141,  73.11807,  73.31056,  73.41618,  73.43236,  73.35664,  73.18669,  72.92030,  72.55543,  72.09016,  71.52275,  70.85161,  70.07533,  69.19267,  68.20255,  67.10412,  65.89669,  64.57977,  63.15308,  61.61653,  59.97026,  58.21459,  56.35008,  54.37749,  52.29780,  50.11220,  47.82211,  45.42916,  42.93519,  40.34227,  37.65268,  34.86890,  31.99365,  29.02981,  25.98052,  22.84908,  19.63899,  16.35396,  12.99787,   9.57478,   6.08893,   2.54472,  -1.05329,  -4.70037,  -8.39167, -12.12219, -15.88681, -19.68028, -23.49724, -27.33226, -31.17977, -35.03415, -38.88972, -42.74071, -46.58131, -50.40570, -54.20799, -57.98230, -61.72275, -65.42344, -69.07851, -72.68212, -76.22848, -79.71184, -83.12652, -86.46692, -89.72751, -92.90287, -95.98767, -98.97674,-101.86498,-104.64748,-107.31946,-109.87628,-112.31350,-114.62684,-116.81221,-118.86572,-120.78367,-122.56259,-124.19922,-125.69051,-127.03366,-128.22610,-129.26552,-130.14984,-130.87722,-131.44612,-131.85522,-132.10349,-132.19014,-132.11468,-131.87687,-131.47674,-130.91460,-130.19102,-129.30686,-128.26322,-127.06150,-125.70333,-124.19063,-122.52556,-120.71055,-118.74827,-116.64163,-114.39379,-112.00813,-109.48828,-106.83807,-104.06155,-101.16297, -98.14678, -95.01762, -91.78031, -88.43983, -85.00132, -81.47010, -77.85158, -74.15134, -70.37506, -66.52854, -62.61765, -58.64837
  51.04604,  49.49446,  48.09093,  46.89022,  45.94399,  45.29911,  44.99615,  45.06798,  45.53859,  46.42207,  47.72192,  49.43056,  51.52919,  53.98790,  56.76611,  59.81333,  63.07008,  66.46924,  69.93745,  73.39682,  76.76674,  79.96577,  82.91365,  85.53324,  87.75246,  89.50613,  90.73762,  91.40041,  91.45930,  90.89147,  89.68715,  87.85007,  85.39754,  82.36020,  78.78148,  74.71671,  70.23199,  65.40272,  60.31199,  55.04872,  49.70570,  44.37745,  39.15816,  34.13955,  29.40878,  25.04656,  21.12529,  17.70753,  14.84462,  12.57558,  10.92637,   9.90941,   9.52340,   9.75357,  10.57215,  11.93916,  13.80355,  16.10454,  18.77316,  21.73403,  24.90723,  28.21025,  31.56000,  34.87479,  38.07623,  41.09106,  43.85275,  46.30298,  48.39280,  50.08364,  51.34790,  52.16937,  52.54328,  52.47605,  51.98476,  51.09640,  49.84675,  48.27918,  46.44318,  44.39281,  42.18499,  39.87781,  37.52882,  35.19334,  32.92289,  30.76380,  28.75588,  26.93141,  25.31435,  23.91972,  22.75338,  21.81200,  21.08332,  20.54670,  20.17395,  19.93029,  19.77559,  19.66575,  19.55422,  19.39355,  19.13702,  18.74023,  18.16267,  17.36912,  16.33096,  15.02731,  13.44585,  11.58354,   9.44696,   7.05242,   4.42581,   1.60208,  -1.37543,  -4.45601,  -7.58280, -10.69420, -13.72545, -16.61035, -19.28300, -21.67966, -23.74048, -25.41130, -26.64517, -27.40386, -27.65909, -27.39355, -26.60162, -25.28989, -23.47724, -21.19476, -18.48523, -15.40241, -12.00991,  -8.37995,  -4.59175,  -0.72985,   3.11784,   6.86204,  10.41411,  13.68816,  16.60306,  19.08435,  21.06604,  22.49218,  23.31823,  23.51215,  23.05521,  21.94249,  20.18302,  17.79962,  14.82842,  11.31806,   7.32856,   2.92995,  -1.79931,  -6.77414, -11.90481, -17.09898, -22.26377, -27.30794, -32.14385, -36.68947, -40.87015, -44.62022, -47.88437, -50.61877, -52.79184, -54.38483, -55.39193, -55.82023, -55.68921, -55.03003, -53.88452, -52.30391, -50.34737, -48.08033, -45.57273, -42.89718, -40.12703, -37.33454, -34.58904, -31.95528, -29.49187, -27.24995, -25.27208, -23.59137, -22.23091, -21.20348, -20.51153, -20.14745, -20.09416, -20.32590, -20.80928, -21.50454, -22.36694, -23.34830, -24.39863, -25.46774, -26.50688, -27.47033
  53.70443,  54.58762,  55.38546,  56.09810,  56.72589,  57.26940,  57.72943,  58.10698,  58.40324,  58.61964,  58.75776,  58.81940,  58.80654,  58.72131,  58.56605,  58.34322,  58.05546,  57.70554,  57.29637,  56.83101,  56.31260,  55.74443,  55.12986,  54.47236,  53.77548,  53.04283,  52.27811,  51.48505,  50.66743,  49.82907,  48.97380,  48.10549,  47.22798,  46.34513,  45.46078,  44.57875,  43.70281,  42.83671,  41.98412,  41.14867,  40.33393,  39.54337,  38.78037,  38.04824,  37.35018,  36.68928,  36.06850,  35.49070,  34.95860,  34.47478,  34.04170,  33.66165,  33.33678,  33.06908,  32.86040,  32.71241,  32.62661,  32.60434,  32.64677,  32.75488,  32.92951,  33.17129,  33.48068,  33.85798,  34.30329,  34.81655,  35.39751,  36.04577,  36.76074,  37.54165,  38.38758,  39.29744,  40.26997,  41.30377,  42.39728,  43.54877,  44.75639,  46.01814,  47.33190,  48.69539,  50.10623,  51.56192,  53.05984,  54.59729,  56.17144,  57.77938,  59.41814,  61.08464,  62.77575,  64.48828,  66.21897,  67.96453,  69.72162,  71.48689,  73.25694,  75.02836,  76.79776,  78.56171,  80.31681,  82.05968,  83.78694,  85.49527,  87.18137,  88.84198,  90.47390,  92.07398,  93.63915,  95.16638,  96.65276,  98.09543,  99.49162, 100.83867, 102.13401, 103.37517, 104.55979, 105.68562, 106.75054, 107.75253, 108.68970, 109.56029, 110.36266, 111.09530, 111.75685, 112.34607, 112.86185, 113.30321, 113.66934, 113.95953, 114.17322, 114.30998, 114.36953, 114.35171, 114.25649, 114.08398, 113.83441, 113.50814, 113.10564, 112.62752, 112.07449, 111.44737, 110.74710, 109.97473, 109.13138, 108.21829, 107.23679, 106.18829, 105.07426, 103.89629, 102.65599, 101.35508,  99.99529,  98.57844,  97.10638,  95.58100,  94.00423,  92.37802,  90.70434,  88.98519,  87.22257,  85.41847,  83.57491,  81.69387,  79.77734,  77.82726,  75.84558,  73.83419,  71.79496,  69.72970,  67.64021,  65.52819,  63.39532,  61.24320,  59.07337,  56.88730,  54.68640,  52.47199,  50.24531,  48.00751,  45.75969,  43.50281,  41.23779,  38.96544,  36.68645,  34.40146,  32.11100,  29.81549,  27.51526,  25.21056,  22.90154,  20.58824,  18.27062,  15.94855,  13.62181,  11.29008,   8.95297,   6.60999,   4.26059,   1.90412,  -0.46011,  -2.83291
  71.81103,  72.36676,  72.98823,  73.67454,  74.42472,  75.23765,  76.11212,  77.04679,  78.04022,  79.09087,  80.19708,  81.35709,  82.56906,  83.83102,  85.14094,  86.49669,  87.89603,  89.33667,  90.81621,  92.33221,  93.88213,  95.46336,  97.07324,  98.70905, 100.36801, 102.04728, 103.74398, 105.45520, 107.17798, 108.90932, 110.64620, 112.38558, 114.12439, 115.85956, 117.58800, 119.30661, 121.01230, 122.70199, 124.37260, 126.02105, 127.64432, 129.23936, 130.80321, 132.33288, 133.82547, 135.27808, 136.68790, 138.05213, 139.36805, 140.63298, 141.84434, 142.99957, 144.09621, 145.13188, 146.10426, 147.01112, 147.85032, 148.61980, 149.31760, 149.94186, 150.49080, 150.96275, 151.35616, 151.66955, 151.90158, 152.05100, 152.11668, 152.09760, 151.99286, 151.80168, 151.52337, 151.15739, 150.70330, 150.16079, 149.52967, 148.80985, 148.00140, 147.10446, 146.11933, 145.04641, 143.88622, 142.63941, 141.30672, 139.88904, 138.38734, 136.80273, 135.13641, 133.38969, 131.56401, 129.66088, 127.68193, 125.62890, 123.50359, 121.30794, 119.04395, 116.71371, 114.31939, 111.86326, 109.34766, 106.77498, 104.14772, 101.46841,  98.73965,  95.96412,  93.14452,  90.28363,  87.38425,  84.44924,  81.48147,  78.48389,  75.45942,  72.41103,  69.34173,  66.25450,  63.15236,  60.03832,  56.91539,  53.78659,  50.65492,  47.52336,  44.39487,  41.27241,  38.15888,  35.05718,  31.97016,  28.90061,  25.85131,  22.82496,  19.82424,  16.85173,  13.91000,  11.00151,   8.12868,   5.29384,   2.49926,  -0.25288,  -2.96046,  -5.62149,  -8.23401, -10.79620, -13.30631, -15.76267, -18.16375, -20.50808, -22.79432, -25.02121, -27.18761, -29.29249, -31.33492, -33.31407, -35.22924, -37.07983, -38.86536, -40.58545, -42.23983, -43.82837, -45.35102, -46.80785, -48.19906, -49.52493, -50.78587, -51.98241, -53.11515, -54.18483, -55.19228, -56.13845, -57.02435, -57.85114, -58.62003, -59.33237, -59.98957, -60.59313, -61.14466, -61.64582, -62.09839, -62.50418, -62.86513, -63.18319, -63.46043, -63.69894, -63.90091, -64.06855, -64.20415, -64.31002, -64.38853, -64.44209, -64.47315, -64.48417, -64.47766, -64.45613, -64.42213, -64.37820, -64.32691, -64.27081, -64.21248, -64.15447, -64.09933, -64.04960, -64.00779, -63.97640
  51.78664,  52.52017,  53.39385,  54.40607,  55.55492,  56.83806,  58.25286,  59.79628,  61.46496,  63.25519,  65.16292,  67.18380,  69.31312,  71.54588,  73.87679,  76.30026,  78.81041,  81.40111,  84.06598,  86.79838,  89.59146,  92.43815,  95.33117,  98.26307, 101.22623, 104.21288, 107.21510, 110.22487, 113.23404, 116.23441, 119.21767, 122.17550, 125.09951, 127.98133, 130.81257, 133.58487, 136.28989, 138.91938, 141.46513, 143.91905, 146.27315, 148.51956, 150.65056, 152.65860, 154.53630, 156.27647, 157.87215, 159.31659, 160.60328, 161.72599, 162.67874, 163.45583, 164.05188, 164.46180, 164.68085, 164.70459, 164.52895, 164.15020, 163.56499, 162.77034, 161.76363, 160.54267, 159.10561, 157.45106, 155.57798, 153.48578, 151.17426, 148.64365, 145.89457, 142.92809, 139.74567, 136.34920, 132.74098, 128.92372, 124.90053, 120.67493, 116.25083, 111.63255, 106.82478, 101.83257,  96.66138,  91.31698,  85.80552,  80.13349,  74.30769,  68.33524,  62.22356,  55.98037,  49.61364,  43.13163,  36.54282,  29.85593,  23.07989,  16.22382,   9.29703,   2.30898,  -4.73072, -11.81233, -18.92601, -26.06184, -33.20982, -40.35989, -47.50198, -54.62599, -61.72184, -68.77947, -75.78888, -82.74011, -89.62329, -96.42868,-103.14663,-109.76766,-116.28241,-122.68173,-128.95665,-135.09843,-141.09853,-146.94867,-152.64084,-158.16729,-163.52058,-168.69355,-173.67939,-178.47159,-183.06402,-187.45088,-191.62675,-195.58659,-199.32574,-202.83993,-206.12532,-209.17846,-211.99633,-214.57632,-216.91625,-219.01440,-220.86945,-222.48053,-223.84721,-224.96950,-225.84784,-226.48312,-226.87665,-227.03017,-226.94586,-226.62632,-226.07454,-225.29397,-224.28840,-223.06207,-221.61957,-219.96587,-218.10630,-216.04657,-213.79270,-211.35104,-208.72828,-205.93137,-202.96758,-199.84444,-196.56972,-193.15146,-189.59788,-185.91743,-182.11875,-178.21064,-174.20204,-170.10205,-165.91985,-161.66473,-157.34606,-152.97325,-148.55576,-144.10306,-139.62461,-135.12986,-130.62820,-126.12898,-121.64145,-117.17477,-112.73798,-108.33997,-103.98949, -99.69511, -95.46522, -91.30798, -87.23133, -83.24299, -79.35041, -75.56075, -71.88091, -68.31748, -64.87673, -61.56462, -58.38676, -55.34842, -52.45449, -49.70952, -47.11766, -44.68268
  98.66676,  99.53526, 100.40378, 101.27096, 102.13547, 102.99598, 103.85115, 104.69964, 105.54014, 106.37132, 107.19189, 108.00053, 108.79597, 109.57692, 110.34213, 111.09034, 111.82031, 112.53084, 113.22071, 113.88875, 114.53378, 115.15468, 115.75031, 116.31958, 116.86141, 117.37474, 117.85856, 118.31186, 118.73366, 119.12302, 119.47901, 119.80076, 120.08740, 120.33811, 120.55208, 120.72855, 120.86679, 120.96609, 121.02580, 121.04528, 121.02394, 120.96121, 120.85657, 120.70952, 120.51962, 120.28646, 120.00964, 119.68883, 119.32373, 118.91406, 118.45961, 117.96018, 117.41562, 116.82582, 116.19069, 115.51021, 114.78438, 114.01324, 113.19686, 112.33536, 111.42890, 110.47767, 109.48189, 108.44183, 107.35781, 106.23015, 105.05923, 103.84546, 102.58930, 101.29122,  99.95175,  98.57142,  97.15083,  95.69060,  94.19136,  92.65381,  91.07866,  89.46664,  87.81853,  86.13514,  84.41728,  82.66582,  80.88164,  79.06565,  77.21879,  75.34200,  73.43628,  71.50263,  69.54208,  67.55566,  65.54445,  63.50954,  61.45202,  59.37301,  57.27366,  55.15510,  53.01851,  50.86507,  48.69595,  46.51237,  44.31553,  42.10665,  39.88695,  37.65768,  35.42006,  33.17534,  30.92477,  28.66959,  26.41107,  24.15044,  21.88895,  19.62787,  17.36843,  15.11187,  12.85943,  10.61235,   8.37184,   6.13912,   3.91541,   1.70190,  -0.50022,  -2.68978,  -4.86562,  -7.02658,  -9.17152, -11.29934, -13.40893, -15.49919, -17.56907, -19.61751, -21.64349, -23.64599, -25.62402, -27.57662, -29.50285, -31.40179, -33.27254, -35.11422, -36.92600, -38.70705, -40.45657, -42.17381, -43.85802, -45.50849, -47.12455, -48.70553, -50.25081, -51.75980, -53.23194, -54.66669, -56.06355, -57.42206, -58.74177, -60.02227, -61.26320, -62.46420, -63.62497, -64.74523, -65.82474, -66.86327, -67.86066, -68.81675, -69.73142, -70.60461, -71.43625, -72.22633, -72.97487, -73.68191, -74.34753, -74.97184, -75.55499, -76.09715, -76.59853, -77.05936, -77.47991, -77.86047, -78.20137, -78.50297, -78.76565, -78.98983, -79.17593, -79.32444, -79.43584, -79.51066, -79.54945, -79.55277, -79.52123, -79.45544, -79.35604, -79.22372, -79.05914, -78.86303, -78.63612, -78.37915, -78.09290, -77.77816, -77.43572, -77.06642, -76.67110, -76.25061
  -6.69321,  -8.65514, -10.54720, -12.30560, -13.86789, -15.17393, -16.16690, -16.79429, -17.00871, -16.76873, -16.03955, -14.79360, -13.01103, -10.68003,  -7.79706,  -4.36697,  -0.40290,   4.07387,   9.03423,  14.44170,  20.25296,  26.41853,  32.88357,  39.58865,  46.47078,  53.46431,  60.50199,  67.51603,  74.43916,  81.20566,  87.75240,  94.01984,  99.95292, 105.50196, 110.62338, 115.28039, 119.44357, 123.09125, 126.20989, 128.79420, 130.84723, 132.38028, 133.41265, 133.97131, 134.09044, 133.81081, 133.17910, 132.24710, 131.07086, 129.70971, 128.22529, 126.68050, 125.13846, 123.66145, 122.30987, 121.14123, 120.20916, 119.56256, 119.24474, 119.29269, 119.73645, 120.59862, 121.89395, 123.62903, 125.80223, 128.40366, 131.41529, 134.81124, 138.55816, 142.61578, 146.93747, 151.47104, 156.15953, 160.94212, 165.75509, 170.53284, 175.20892, 179.71711, 183.99246, 187.97232, 191.59738, 194.81255, 197.56792, 199.81950, 201.52991, 202.66906, 203.21454, 203.15203, 202.47548, 201.18728, 199.29813, 196.82693, 193.80045, 190.25290, 186.22537, 181.76518, 176.92511, 171.76255, 166.33861, 160.71708, 154.96344, 149.14383, 143.32395, 137.56802, 131.93779, 126.49149, 121.28295, 116.36075, 111.76742, 107.53878, 103.70339, 100.28210,  97.28775,  94.72496,  92.59008,  90.87130,  89.54884,  88.59532,  87.97620,  87.65040,  87.57096,  87.68586,  87.93887,  88.27052,  88.61906,  88.92150,  89.11470,  89.13637,  88.92615,  88.42662,  87.58426,  86.35033,  84.68174,  82.54176,  79.90066,  76.73621,  73.03410,  68.78824,  64.00082,  58.68239,  52.85169,  46.53541,  39.76779,  32.59009,  25.05000,  17.20090,   9.10099,   0.81249,  -7.59944, -16.06762, -24.52393, -32.90039, -41.13017, -49.14868, -56.89453, -64.31052, -71.34448, -77.95010, -84.08766, -89.72457, -94.83591, -99.40476,-103.42247,-106.88872,-109.81151,-112.20696,-114.09908,-115.51925,-116.50575,-117.10307,-117.36115,-117.33456,-117.08155,-116.66310,-116.14188,-115.58122,-115.04403,-114.59178,-114.28344,-114.17453,-114.31616,-114.75421,-115.52852,-116.67224,-118.21129,-120.16387,-122.54017,-125.34217,-128.56361,-132.19004,-136.19905,-140.56061,-145.23755,-150.18611,-155.35669,-160.69458,-166.14087,-171.63337,-177.10762,-182.49792
  14.04112,  15.04900,  16.02356,  16.95936,  17.85115,  18.69392,  19.48289,  20.21355,  20.88165,  21.48325,  22.01469,  22.47265,  22.85413,  23.15648,  23.37737,  23.51485,  23.56732,  23.53352,  23.41256,  23.20394,  22.90747,  22.52335,  22.05211,  21.49464,  20.85215,  20.12620,  19.31865,  18.43167,  17.46773,  16.42957,  15.32021,  14.14291,  12.90118,  11.59873,  10.23949,   8.82756,   7.36722,   5.86290,   4.31914,   2.74061,   1.13208,  -0.50164,  -2.15566,  -3.82504,  -5.50486,  -7.19016,  -8.87602, -10.55756, -12.22992, -13.88834, -15.52811, -17.14465, -18.73346, -20.29017, -21.81056, -23.29054, -24.72618, -26.11374, -27.44962, -28.73043, -29.95296, -31.11419, -32.21134, -33.24179, -34.20317, -35.09329, -35.91020, -36.65216, -37.31765, -37.90536, -38.41421, -38.84332, -39.19204, -39.45990, -39.64666, -39.75228, -39.77691, -39.72089, -39.58476, -39.36923, -39.07519, -38.70369, -38.25595, -37.73335, -37.13741, -36.46980, -35.73233, -34.92691, -34.05560, -33.12056, -32.12407, -31.06850, -29.95630, -28.79004, -27.57233, -26.30589, -24.99348, -23.63794, -22.24215, -20.80905, -19.34162, -17.84288, -16.31588, -14.76369, -13.18942, -11.59618,  -9.98712,  -8.36537,  -6.73409,  -5.09641,  -3.45548,  -1.81443,  -0.17640,   1.45552,   3.07823,   4.68868,   6.28383,   7.86068,   9.41626,  10.94765,  12.45197,  13.92638,  15.36812,  16.77446,  18.14274,  19.47038,  20.75485,  21.99372,  23.18463,  24.32529,  25.41354,  26.44729,  27.42455,  28.34345,  29.20222,  29.99923,  30.73296,  31.40200,  32.00511,  32.54116,  33.00917,  33.40833,  33.73794,  33.99751,  34.18666,  34.30521,  34.35313,  34.33059,  34.23790,  34.07556,  33.84426,  33.54486,  33.17840,  32.74611,  32.24938,  31.68982,  31.06918,  30.38940,  29.65261,  28.86108,  28.01728,  27.12381,  26.18345,  25.19910,  24.17385,  23.11087,  22.01349,  20.88515,  19.72939,  18.54986,  17.35027,  16.13444,  14.90621,  13.66950,  12.42824,  11.18641,   9.94798,   8.71689,   7.49711,   6.29252,   5.10699,   3.94428,   2.80810,   1.70205,   0.62962,  -0.40584,  -1.40112,  -2.35315,  -3.25907,  -4.11616,  -4.92193,  -5.67409,  -6.37059,  -7.00958,  -7.58949,  -8.10898,  -8.56698,  -8.96269,  -9.29558,  -9.56541
  17.17298,  19.17664,  21.60278,  24.41293,  27.56314,  31.00470,  34.68508,  38.54881,  42.53853,  46.59594,  50.66286,  54.68221,  58.59906,  62.36148,  65.92146,  69.23573,  72.26640,  74.98163,  77.35602,  79.37105,  81.01525,  82.28428,  83.18092,  83.71486,  83.90237,  83.76588,  83.33341,  82.63793,  81.71657,  80.60979,  79.36051,  78.01316,  76.61271,  75.20367,  73.82916,  72.52997,  71.34365,  70.30369,  69.43878,  68.77216,  68.32105,  68.09624,  68.10180,  68.33487,  68.78563,  69.43744,  70.26700,  71.24478,  72.33548,  73.49861,  74.68925,  75.85881,  76.95590,  77.92731,  78.71893,  79.27681,  79.54816,  79.48231,  79.03175,  78.15300,  76.80747,  74.96226,  72.59083,  69.67357,  66.19823,  62.16027,  57.56304,  52.41783,  46.74379,  40.56766,  33.92349,  26.85206,  19.40035,  11.62077,   3.57037,  -4.69003, -13.09684, -21.58467, -30.08737, -38.53910, -46.87530, -55.03378, -62.95562, -70.58607, -77.87544, -84.77974, -91.26136, -97.28954,-102.84076,-107.89902,-112.45589,-116.51051,-120.06941,-123.14626,-125.76138,-127.94121,-129.71768,-131.12745,-132.21107,-133.01210,-133.57613,-133.94985,-134.18004,-134.31260,-134.39158,-134.45827,-134.55037,-134.70119,-134.93898,-135.28636,-135.75982,-136.36941,-137.11853,-138.00383,-139.01528,-140.13637,-141.34443,-142.61107,-143.90274,-145.18142,-146.40537,-147.52998,-148.50867,-149.29381,-149.83776,-150.09383,-150.01723,-149.56606,-148.70219,-147.39214,-145.60778,-143.32706,-140.53455,-137.22187,-133.38803,-129.03962,-124.19085,-118.86345,-113.08647,-106.89590,-100.33421, -93.44972, -86.29590, -78.93057, -71.41499, -63.81293, -56.18963, -48.61083, -41.14167, -33.84569, -26.78380, -20.01332, -13.58711,  -7.55268,  -1.95153,   3.18153,   7.81883,  11.94030,  15.53362,  18.59442,  21.12619,  23.14013,  24.65486,  25.69596,  26.29547,  26.49114,  26.32577,  25.84627,  25.10283,  24.14789,  23.03517,  21.81866,  20.55163,  19.28560,  18.06943,  16.94842,  15.96351,  15.15056,  14.53969,  14.15486,  14.01341,  14.12583,  14.49566,  15.11950,  15.98717,  17.08196,  18.38109,  19.85623,  21.47410,  23.19727,  24.98491,  26.79373,  28.57886,  30.29486,  31.89665,  33.34053,  34.58509,  35.59211,  36.32743,  36.76172
  45.24669,  47.41819,  49.60678,  51.81186,  54.03299,  56.26986,  58.52227,  60.79010,  63.07329,  65.37179,  67.68555,  70.01448,  72.35844,  74.71718,  77.09034,  79.47742,  81.87774,  84.29047,  86.71452,  89.14861,  91.59119,  94.04048,  96.49441,  98.95062, 101.40649, 103.85909, 106.30520, 108.74131, 111.16361, 113.56802, 115.95017, 118.30545, 120.62896, 122.91560, 125.16004, 127.35676, 129.50007, 131.58413, 133.60298, 135.55057, 137.42080, 139.20752, 140.90462, 142.50599, 144.00562, 145.39760, 146.67616, 147.83572, 148.87091, 149.77662, 150.54800, 151.18055, 151.67011, 152.01289, 152.20554, 152.24512, 152.12920, 151.85579, 151.42346, 150.83128, 150.07890, 149.16651, 148.09490, 146.86541, 145.48000, 143.94122, 142.25218, 140.41662, 138.43883, 136.32368, 134.07658, 131.70349, 129.21088, 126.60571, 123.89541, 121.08785, 118.19130, 115.21440, 112.16611, 109.05571, 105.89270, 102.68681,  99.44792,  96.18603,  92.91121,  89.63356,  86.36312,  83.10988,  79.88368,  76.69421,  73.55090,  70.46291,  67.43910,  64.48794,  61.61747,  58.83531,  56.14854,  53.56372,  51.08685,  48.72329,  46.47779,  44.35440,  42.35652,  40.48681,  38.74720,  37.13889,  35.66232,  34.31717,  33.10237,  32.01607,  31.05571,  30.21794,  29.49872,  28.89328,  28.39619,  28.00134,  27.70200,  27.49084,  27.35999,  27.30104,  27.30513,  27.36296,  27.46486,  27.60084,  27.76065,  27.93379,  28.10965,  28.27750,  28.42659,  28.54618,  28.62563,  28.65446,  28.62237,  28.51938,  28.33580,  28.06237,  27.69026,  27.21115,  26.61730,  25.90156,  25.05746,  24.07923,  22.96187,  21.70113,  20.29364,  18.73685,  17.02912,  15.16969,  13.15877,  10.99747,   8.68788,   6.23305,   3.63697,   0.90458,  -1.95822,  -4.94462,  -8.04688, -11.25642, -14.56376, -17.95863, -21.42998, -24.96601, -28.55424, -32.18155, -35.83424, -39.49807, -43.15837, -46.80004, -50.40766, -53.96557, -57.45789, -60.86865, -64.18183, -67.38146, -70.45167, -73.37679, -76.14142, -78.73052, -81.12944, -83.32405, -85.30079, -87.04674, -88.54968, -89.79820, -90.78169, -91.49046, -91.91579, -92.04996, -91.88631, -91.41928, -90.64446, -89.55862, -88.15975, -86.44705, -84.42098, -82.08327, -79.43694, -76.48626, -73.23679, -69.69534
  19.21416,  17.90082,  16.47796,  14.96444,  13.38046,  11.74737,  10.08747,   8.42384,   6.78011,   5.18028,   3.64847,   2.20873,   0.88482,  -0.30001,  -1.32323,  -2.16324,  -2.79960,  -3.21316,  -3.38631,  -3.30312,  -2.94953,  -2.31345,  -1.38495,  -0.15635,   1.37770,   3.22006,   5.37115,   7.82880,  10.58829,  13.64230,  16.98097,  20.59189,  24.46019,  28.56860,  32.89754,  37.42523,  42.12784,  46.97961,  51.95304,  57.01904,  62.14717,  67.30577,  72.46224,  77.58324,  82.63490,  87.58311,  92.39370,  97.03273, 101.46671, 105.66285, 109.58932, 113.21544, 116.51194, 119.45118, 122.00735, 124.15668, 125.87761, 127.15096, 127.96012, 128.29114, 128.13288, 127.47710, 126.31856, 124.65505, 122.48744, 119.81971, 116.65895, 113.01531, 108.90198, 104.33509,  99.33368,  93.91951,  88.11700,  81.95305,  75.45691,  68.65992,  61.59542,  54.29846,  46.80560,  39.15470,  31.38464,  23.53511,  15.64630,   7.75872,  -0.08716,  -7.85106, -15.49327, -22.97479, -30.25767, -37.30521, -44.08221, -50.55517, -56.69254, -62.46490, -67.84512, -72.80858, -77.33328, -81.39997, -84.99229, -88.09684, -90.70325, -92.80426, -94.39569, -95.47651, -96.04878, -96.11765, -95.69126, -94.78071, -93.39990, -91.56549, -89.29670, -86.61518, -83.54484, -80.11168, -76.34357, -72.27005, -67.92211, -63.33196, -58.53280, -53.55858, -48.44374, -43.22299, -37.93104, -32.60237, -27.27098, -21.97018, -16.73234, -11.58866,  -6.56901,  -1.70169,   2.98676,   7.47166,  11.73042,  15.74263,  19.49020,  22.95744,  26.13115,  29.00067,  31.55793,  33.79749,  35.71649,  37.31466,  38.59428,  39.56011,  40.21932,  40.58139,  40.65799,  40.46284,  40.01161,  39.32169,  38.41207,  37.30315,  36.01653,  34.57481,  33.00138,  31.32023,  29.55571,  27.73232,  25.87448,  24.00634,  22.15155,  20.33306,  18.57291,  16.89206,  15.31020,  13.84556,  12.51480,  11.33282,  10.31266,   9.46540,   8.80003,   8.32342,   8.04022,   7.95286,   8.06149,   8.36404,   8.85617,   9.53136,  10.38095,  11.39421,  12.55845,  13.85912,  15.27993,  16.80302,  18.40909,  20.07758,  21.78683,  23.51430,  25.23678,  26.93054,  28.57159,  30.13588,  31.59951,  32.93895,  34.13127,  35.15433,  35.98700,  36.60936,  37.00287,  37.15059
  24.57014,  25.30300,  25.99829,  26.65580,  27.27537,  27.85695,  28.40054,  28.90622,  29.37417,  29.80459,  30.19781,  30.55417,  30.87412,  31.15814,  31.40678,  31.62066,  31.80043,  31.94681,  32.06055,  32.14247,  32.19340,  32.21423,  32.20589,  32.16932,  32.10551,  32.01547,  31.90021,  31.76080,  31.59829,  31.41376,  31.20829,  30.98297,  30.73891,  30.47718,  30.19888,  29.90510,  29.59690,  29.27534,  28.94147,  28.59632,  28.24088,  27.87615,  27.50308,  27.12259,  26.73559,  26.34293,  25.94545,  25.54395,  25.13917,  24.73183,  24.32262,  23.91215,  23.50102,  23.08978,  22.67891,  22.26888,  21.86008,  21.45288,  21.04757,  20.64444,  20.24368,  19.84547,  19.44992,  19.05710,  18.66706,  18.27975,  17.89512,  17.51307,  17.13344,  16.75604,  16.38065,  16.00699,  15.63476,  15.26362,  14.89320,  14.52310,  14.15289,  13.78211,  13.41027,  13.03688,  12.66141,  12.28333,  11.90208,  11.51709,  11.12780,  10.73362,  10.33397,   9.92826,   9.51592,   9.09636,   8.66901,   8.23332,   7.78874,   7.33473,   6.87078,   6.39641,   5.91114,   5.41453,   4.90617,   4.38568,   3.85271,   3.30695,   2.74813,   2.17601,   1.59041,   0.99116,   0.37819,  -0.24857,  -0.88913,  -1.54343,  -2.21137,  -2.89280,  -3.58752,  -4.29526,  -5.01570,  -5.74847,  -6.49314,  -7.24922,  -8.01616,  -8.79336,  -9.58015, -10.37583, -11.17961, -11.99067, -12.80811, -13.63101, -14.45837, -15.28914, -16.12224, -16.95653, -17.79080, -18.62384, -19.45437, -20.28107, -21.10259, -21.91754, -22.72449, -23.52200, -24.30859, -25.08274, -25.84295, -26.58765, -27.31530, -28.02433, -28.71315, -29.38018, -30.02385, -30.64257, -31.23477, -31.79888, -32.33335, -32.83666, -33.30729, -33.74376, -34.14461, -34.50842, -34.83380, -35.11941, -35.36395, -35.56617, -35.72487, -35.83890, -35.90719, -35.92869, -35.90247, -35.82763, -35.70336, -35.52891, -35.30364, -35.02695, -34.69835, -34.31743, -33.88388, -33.39746, -32.85804, -32.26558, -31.62013, -30.92185, -30.17100, -29.36794, -28.51311, -27.60709, -26.65053, -25.64422, -24.58902, -23.48592, -22.33599, -21.14042, -19.90051, -18.61764, -17.29330, -15.92910, -14.52672, -13.08794, -11.61466, -10.10885,  -8.57256,  -7.00797,  -5.41729,  -3.80286
  24.36032,  23.89904,  23.41092,  22.89826,  22.36340,  21.80868,  21.23651,  20.64928,  20.04944,  19.43941,  18.82163,  18.19856,  17.57263,  16.94627,  16.32188,  15.70185,  15.08855,  14.48431,  13.89143,  13.31214,  12.74867,  12.20316,  11.67770,  11.17434,  10.69504,  10.24171,   9.81617,   9.42017,   9.05538,   8.72338,   8.42566,   8.16363,   7.93859,   7.75174,   7.60421,   7.49699,   7.43099,   7.40699,   7.42568,   7.48764,   7.59332,   7.74307,   7.93714,   8.17563,   8.45856,   8.78582,   9.15718,   9.57231,  10.03076,  10.53196,  11.07524,  11.65981,  12.28477,  12.94913,  13.65177,  14.39150,  15.16699,  15.97684,  16.81955,  17.69352,  18.59708,  19.52844,  20.48577,  21.46713,  22.47053,  23.49389,  24.53508,  25.59190,  26.66210,  27.74337,  28.83336,  29.92968,  31.02989,  32.13154,  33.23213,  34.32915,  35.42008,  36.50237,  37.57348,  38.63086,  39.67197,  40.69429,  41.69529,  42.67249,  43.62340,  44.54561,  45.43670,  46.29433,  47.11617,  47.89996,  48.64351,  49.34467,  50.00136,  50.61158,  51.17340,  51.68496,  52.14449,  52.55032,  52.90085,  53.19458,  53.43012,  53.60617,  53.72153,  53.77512,  53.76595,  53.69317,  53.55601,  53.35385,  53.08617,  52.75256,  52.35275,  51.88657,  51.35400,  50.75512,  50.09015,  49.35940,  48.56335,  47.70256,  46.77774,  45.78971,  44.73941,  43.62790,  42.45634,  41.22604,  39.93840,  38.59492,  37.19722,  35.74703,  34.24618,  32.69660,  31.10029,  29.45938,  27.77606,  26.05262,  24.29142,  22.49490,  20.66558,  18.80601,  16.91886,  15.00680,  13.07260,  11.11903,   9.14894,   7.16520,   5.17072,   3.16841,   1.16123,  -0.84785,  -2.85588,  -4.85986,  -6.85684,  -8.84384, -10.81791, -12.77613, -14.71558, -16.63338, -18.52671, -20.39275, -22.22875, -24.03202, -25.79990, -27.52982, -29.21925, -30.86577, -32.46699, -34.02064, -35.52451, -36.97650, -38.37459, -39.71686, -41.00149, -42.22678, -43.39112, -44.49302, -45.53110, -46.50411, -47.41091, -48.25047, -49.02192, -49.72448, -50.35751, -50.92050, -51.41308, -51.83499, -52.18612, -52.46648, -52.67621, -52.81560, -52.88506, -52.88511, -52.81644, -52.67983, -52.47622, -52.20666, -51.87231, -51.47447, -51.01455, -50.49409, -49.91473, -49.27823
  17.44311,  17.14544,  16.83257,  16.52331,  16.23708,  15.99375,  15.81346,  15.71649,  15.72304,  15.85306,  16.12610,  16.56114,  17.17639,  17.98914,  19.01563,  20.27085,  21.76843,  23.52051,  25.53757,  27.82840,  30.39991,  33.25711,  36.40300,  39.83853,  43.56252,  47.57169,  51.86060,  56.42165,  61.24514,  66.31924,  71.63009,  77.16182,  82.89668,  88.81508,  94.89572, 101.11569, 107.45064, 113.87487, 120.36150, 126.88266, 133.40961, 139.91295, 146.36277, 152.72887, 158.98093, 165.08869, 171.02216, 176.75180, 182.24870, 187.48478, 192.43295, 197.06730, 201.36325, 205.29772, 208.84928, 211.99825, 214.72687, 217.01941, 218.86221, 220.24386, 221.15518, 221.58934, 221.54184, 221.01062, 219.99597, 218.50060, 216.52956, 214.09026, 211.19235, 207.84770, 204.07030, 199.87615, 195.28317, 190.31106, 184.98118, 179.31639, 173.34090, 167.08012, 160.56045, 153.80916, 146.85417, 139.72387, 132.44695, 125.05220, 117.56832, 110.02373, 102.44643,  94.86376,  87.30229,  79.78760,  72.34417,  64.99519,  57.76248,  50.66630,  43.72528,  36.95631,  30.37445,  23.99285,  17.82269,  11.87318,   6.15144,   0.66260,  -4.59029,  -9.60619, -14.38607, -18.93283, -23.25126, -27.34796, -31.23125, -34.91107, -38.39885, -41.70741, -44.85082, -47.84423, -50.70377, -53.44634, -56.08947, -58.65117, -61.14972, -63.60355, -66.03101, -68.45025, -70.87900, -73.33448, -75.83314, -78.39061, -81.02147, -83.73917, -86.55585, -89.48228, -92.52769, -95.69972, -99.00433,-102.44571,-106.02626,-109.74650,-113.60510,-117.59885,-121.72263,-125.96948,-130.33061,-134.79545,-139.35171,-143.98549,-148.68132,-153.42230,-158.19020,-162.96561,-167.72803,-172.45608,-177.12760,-181.71983,-186.20959,-190.57345,-194.78788,-198.82944,-202.67499,-206.30181,-209.68782,-212.81175,-215.65326,-218.19317,-220.41357,-222.29797,-223.83147,-225.00085,-225.79469,-226.20350,-226.21979,-225.83815,-225.05533,-223.87026,-222.28410,-220.30025,-217.92438,-215.16437,-212.03031,-208.53447,-204.69120,-200.51687,-196.02982,-191.25020,-186.19987,-180.90231,-175.38243,-169.66644,-163.78171,-157.75657,-151.62015,-145.40220,-139.13292,-132.84273,-126.56212,-120.32145,-114.15073,-108.07948,-102.13650, -96.34972, -90.74600, -85.35099
  59.45932,  60.01789,  60.61192,  61.32342,  62.23659,  63.43458,  64.99613,  66.99236,  69.48377,  72.51749,  76.12504,  80.32050,  85.09921,  90.43717,  96.29098, 102.59844, 109.27981, 116.23960, 123.36894, 130.54845, 137.65137, 144.54716, 151.10511, 157.19808, 162.70625, 167.52056, 171.54601, 174.70446, 176.93706, 178.20603, 178.49592, 177.81417, 176.19097, 173.67855, 170.34971, 166.29582, 161.62426, 156.45539, 150.91909, 145.15118, 139.28950, 133.47011, 127.82344, 122.47075, 117.52083, 113.06709, 109.18518, 105.93117, 103.34032, 101.42650, 100.18229,  99.57970,  99.57154, 100.09335, 101.06583, 102.39770, 103.98889, 105.73396, 107.52563, 109.25825, 110.83126, 112.15236, 113.14029, 113.72734, 113.86125, 113.50655, 112.64541, 111.27777, 109.42090, 107.10833, 104.38830, 101.32163,  97.97917,  94.43900,  90.78326,  87.09498,  83.45479,  79.93779,  76.61058,  73.52863,  70.73399,  68.25354,  66.09773,  64.25991,  62.71630,  61.42654,  60.33482,  59.37165,  58.45605,  57.49827,  56.40275,  55.07149,  53.40739,  51.31780,  48.71786,  45.53371,  41.70541,  37.18944,  31.96072,  26.01410,  19.36523,  12.05078,   4.12801,  -4.32627, -13.21740, -22.43514, -31.85642, -41.34854, -50.77269, -59.98766, -68.85373, -77.23646, -85.01042, -92.06266, -98.29579,-103.63069,-108.00864,-111.39284,-113.76935,-115.14734,-115.55862,-115.05659,-113.71449,-111.62315,-108.88819,-105.62683,-101.96441, -98.03068, -93.95602, -89.86772, -85.88636, -82.12246, -78.67356, -75.62166, -73.03123, -70.94780, -69.39721, -68.38542, -67.89900, -67.90629, -68.35905, -69.19464, -70.33870, -71.70807, -73.21405, -74.76571, -76.27330, -77.65153, -78.82259, -79.71900, -80.28593, -80.48313, -80.28630, -79.68785, -78.69712, -77.33995, -75.65762, -73.70532, -71.55005, -69.26811, -66.94223, -64.65848, -62.50302, -60.55881, -58.90239, -57.60092, -56.70942, -56.26843, -56.30221, -56.81737, -57.80216, -59.22632, -61.04167, -63.18314, -65.57057, -68.11091, -70.70095, -73.23042, -75.58539, -77.65184, -79.31928, -80.48435, -81.05425, -80.94990, -80.10867, -78.48677, -76.06092, -72.82961, -68.81352, -64.05546, -58.61949, -52.58952, -46.06721, -39.16940, -32.02505, -24.77177, -17.55217, -10.50999,  -3.78618,   2.48486
