0,1,2,3,4,5,6,7,8,9,10,11,12,13,14,15,16,17,18,19,20,21,22,23,24,25,26,27,28,29,30,31,32,33,34,35,36,37,38,39,40,41,42,43,44,45,46,47,48,49,50,51,52,53,54,55,56,57,58,59,60,61,62,63,64,65,66,67,68,69,70,71,72,73,74,75,76,77,78,79,80,81,82,83,84,85,86,87,88,89,90,91,92,93,94,95,96,97,98,99,100,101,102,103,104,105,106,107,108,109,110,111,112,113,114,115,116,117,118,119,120,121,122,123,124,125,126,127,128,129,130,131,132,133,134,135,136,137,138,139,140,141,142,143,144,145,146,147,148,149,150,151,152,153,154,155,156,157,158,159,160,161,162,163,164,165,166,167,168,169,170,171,172,173,174,175,176,177,178,179,180,181,182,183,184,185,186,187,188,189,190,191,192,193,194,195,196,197,198,199,system,distribution,future
-2.28861,-2.32769,-2.3641799999999997,-2.39483,-2.41736,-2.43059,-2.43424,-2.4287099999999997,-2.41473,-2.3932,-2.36504,-2.33113,-2.29224,-2.24905,-2.20214,-2.1520099999999998,-2.0990599999999997,-2.04367,-1.98613,-1.92671,-1.8656400000000002,-1.80313,-1.73937,-1.67455,-1.60884,-1.5424200000000001,-1.47547,-1.40818,-1.34074,-1.27336,-1.20626,-1.1396899999999999,-1.07388,-1.0091,-0.9456600000000001,-0.8838600000000001,-0.82405,-0.76659,-0.71191,-0.66045,-0.61275,-0.56939,-0.5310199999999999,-0.49838999999999994,-0.47228000000000003,-0.45356,-0.44303000000000003,-0.44141,-0.4491,-0.466,-0.49127,-0.5231399999999999,-0.55893,-0.59531,-0.6288199999999999,-0.65641,-0.67582,-0.6857800000000001,-0.68584,-0.67618,-0.6574,-0.6302800000000001,-0.59567,-0.5544100000000001,-0.5072800000000001,-0.45498,-0.39815,-0.33736,-0.27309,-0.2058,-0.13588,-0.06369,0.010440000000000001,0.08621000000000001,0.16335,0.24161,0.32078,0.40064,0.481,0.56171,0.64259,0.72353,0.80438,0.8850299999999999,0.96535,1.04525,1.1246,1.20328,1.28118,1.35814,1.43401,1.50861,1.58171,1.6530599999999998,1.7223400000000002,1.7891700000000001,1.8531,1.9135799999999998,1.9699099999999998,2.02129,2.06675,2.10513,2.1351400000000003,2.15538,2.1645,2.16147,2.1459900000000003,2.11902,2.08316,2.04268,2.00284,1.96875,1.94433,1.93177,1.93165,1.9434200000000001,1.9659,1.99765,2.03723,2.08331,2.1347400000000003,2.19054,2.24987,2.3120700000000003,2.37657,2.44292,2.51074,2.57974,2.64964,2.7202599999999997,2.79143,2.86299,2.9348400000000003,3.0068599999999996,3.07897,-3.13212,-3.0601,-2.98826,-2.91668,-2.84547,-2.77475,-2.70463,-2.6352900000000004,-2.5669,-2.49967,-2.43388,-2.3698099999999998,-2.30782,-2.2483400000000002,-2.19185,-2.1389099999999996,-2.09019,-2.04643,-2.00848,-1.9772599999999998,-1.95376,-1.93895,-1.9337099999999998,-1.93858,-1.9536200000000001,-1.97807,-2.01016,-2.04715,-2.0855900000000003,-2.12186,-2.15278,-2.1760599999999997,-2.19041,-2.19544,-2.1914,-2.17892,-2.15884,-2.1320200000000002,-2.0992900000000003,-2.06142,-2.0190599999999996,-1.97281,-1.92315,-1.8705200000000002,-1.8152599999999999,-1.7577,-1.69812,-1.63675,-1.57382,-1.5095299999999998,-1.44408,-1.3776700000000002,-1.31047,-1.2427,-1.1745299999999999,-1.10618,-1.03785,-0.96978,-0.9021899999999999,-0.8353200000000001,-0.7694300000000001,-0.7047800000000001,-0.64168,-0.58043,-0.52136,A,10,1.59759
-0.81772,-0.80912,-0.81015,-0.82126,-0.8415299999999999,-0.86846,-0.8980299999999999,-0.9254700000000001,-0.94632,-0.9572799999999999,-0.9566600000000001,-0.94416,-0.92048,-0.8868799999999999,-0.8448200000000001,-0.7958,-0.7412,-0.68228,-0.6201300000000001,-0.55574,-0.48994,-0.4235,-0.35706,-0.29120999999999997,-0.22643000000000002,-0.16314,-0.10167999999999999,-0.0423,0.01484,0.06972,0.1224,0.17307,0.22203,0.26968000000000003,0.31649,0.36298,0.40963999999999995,0.45695,0.5053,0.55501,0.60627,0.65915,0.71362,0.76956,0.8267399999999999,0.88487,0.9436,1.00251,1.06118,1.11911,1.17582,1.23079,1.28352,1.3335,1.38027,1.4234200000000001,1.4626299999999999,1.49773,1.5287,1.55572,1.57921,1.5998,1.6183,1.63565,1.65281,1.67065,1.6899099999999998,1.7111,1.7345,1.76016,1.7879200000000002,1.8174599999999999,1.8483599999999998,1.88009,1.9121400000000002,1.94397,1.97511,2.00516,2.03384,2.0609900000000003,2.0866599999999997,2.11103,2.13449,2.1575599999999997,2.1808799999999997,2.20513,2.2309799999999997,2.25902,2.2897,2.32337,2.36016,2.40009,2.4430400000000003,2.48877,2.5369900000000003,2.58733,2.63938,2.69273,2.74695,2.80163,2.85638,2.9108099999999997,2.9645799999999998,3.01741,3.06904,3.1193,-3.1151299999999997,-3.0678900000000002,-3.0221299999999998,-2.9777299999999998,-2.93447,-2.89208,-2.85025,-2.80865,-2.76693,-2.72478,-2.68197,-2.6383,-2.59369,-2.54811,-2.50164,-2.4544599999999996,-2.4068099999999997,-2.35898,-2.31134,-2.26431,-2.2183200000000003,-2.17384,-2.1313299999999997,-2.09125,-2.054,-2.01991,-1.98922,-1.962,-1.9381599999999999,-1.9174,-1.8991900000000002,-1.88283,-1.86748,-1.85222,-1.83617,-1.81854,-1.7987400000000002,-1.77635,-1.75121,-1.72331,-1.69285,-1.6601299999999999,-1.62554,-1.58954,-1.55259,-1.51515,-1.47763,-1.44038,-1.4037,-1.3677700000000002,-1.33267,-1.29837,-1.2646899999999999,-1.23139,-1.19811,-1.1644299999999999,-1.12992,-1.09414,-1.05672,-1.01735,-0.9758,-0.9319700000000001,-0.8858299999999999,-0.83747,-0.78705,-0.7347899999999999,-0.68099,-0.62595,-0.57003,-0.5136,-0.45703999999999995,-0.40071999999999997,-0.34501,-0.29026,-0.23679,-0.18488,-0.13476,-0.08657999999999999,-0.04043,0.0037,0.04591,0.08641,0.12549000000000002,0.16351,0.20089,0.23804,0.27537,0.31322,0.35184,0.39139,0.4319,0.47328000000000003,0.51531,0.55769,B,10,2.48095
-2.8010099999999998,-2.77352,-2.74827,-2.7250900000000002,-2.70378,-2.68418,-2.66613,-2.64947,-2.63408,-2.61983,-2.60659,-2.59428,-2.58279,-2.5720400000000003,-2.56195,-2.55245,-2.54347,-2.53495,-2.52684,-2.5190900000000003,-2.51165,-2.50447,-2.49753,-2.49078,-2.48418,-2.47772,-2.47135,-2.46506,-2.4588099999999997,-2.4525799999999998,-2.44636,-2.44011,-2.43381,-2.42746,-2.42103,-2.4144900000000002,-2.40784,-2.4010599999999998,-2.39413,-2.3870299999999998,-2.37975,-2.37228,-2.3646,-2.35669,-2.34853,-2.34013,-2.33145,-2.32249,-2.31323,-2.30366,-2.29375,-2.2835099999999997,-2.27291,-2.26193,-2.25057,-2.23881,-2.22664,-2.2140400000000002,-2.20099,-2.18749,-2.17352,-2.1590700000000003,-2.14412,-2.12866,-2.11269,-2.09619,-2.07916,-2.0615799999999997,-2.04346,-2.02478,-2.00555,-1.9857599999999997,-1.9654099999999999,-1.94452,-1.9230900000000002,-1.9011200000000001,-1.87863,-1.85565,-1.83218,-1.80825,-1.7838900000000002,-1.75912,-1.7339900000000001,-1.7085299999999999,-1.68278,-1.65677,-1.63056,-1.6042,-1.5777299999999999,-1.5512,-1.5246600000000001,-1.49816,-1.47176,-1.44551,-1.41944,-1.39361,-1.3680700000000001,-1.34285,-1.31799,-1.2935299999999998,-1.2695,-1.24593,-1.22285,-1.20028,-1.1782299999999999,-1.15673,-1.13578,-1.1154,-1.0956,-1.07636,-1.05771,-1.03964,-1.02214,-1.00522,-0.9888600000000001,-0.9730700000000001,-0.95783,-0.9431299999999999,-0.9289799999999999,-0.91535,-0.90223,-0.8896299999999999,-0.8775200000000001,-0.8658899999999999,-0.8547299999999999,-0.84404,-0.8338,-0.82401,-0.8146399999999999,-0.80569,-0.79715,-0.7890199999999999,-0.78127,-0.77391,-0.7669199999999999,-0.7603,-0.75403,-0.74812,-0.74255,-0.73732,-0.73242,-0.72785,-0.7236,-0.71967,-0.71605,-0.7127399999999999,-0.7097399999999999,-0.70704,-0.70465,-0.70255,-0.70076,-0.69927,-0.69808,-0.69718,-0.6966,-0.6963199999999999,-0.69634,-0.69668,-0.69734,-0.69833,-0.6996399999999999,-0.70129,-0.70329,-0.70565,-0.70838,-0.71149,-0.715,-0.71892,-0.72328,-0.7281,-0.7334,-0.73921,-0.74557,-0.7525,-0.76005,-0.76828,-0.77722,-0.78695,-0.7975399999999999,-0.80907,-0.82163,-0.83534,-0.85034,-0.86677,-0.88484,-0.90475,-0.9267799999999999,-0.95125,-0.97857,-1.00921,-1.04377,-1.08299,-1.12781,-1.17936,-1.23906,-1.30864,-1.39012,-1.48576,-1.59774,-1.72757,C,10,2.1633
0.72027,0.70516,0.69104,0.67807,0.66638,0.65605,0.64715,0.63971,0.63374,0.6292399999999999,0.6261899999999999,0.62456,0.62429,0.62536,0.62771,0.6312800000000001,0.63603,0.6419,0.64885,0.65682,0.66578,0.67567,0.68647,0.69812,0.7106100000000001,0.7239,0.73797,0.75279,0.7683399999999999,0.7846,0.80156,0.81921,0.8375299999999999,0.8565200000000001,0.8761700000000001,0.89646,0.9174100000000001,0.93899,0.9612200000000001,0.98408,1.00758,1.0317100000000001,1.05646,1.0818299999999998,1.10782,1.13442,1.16161,1.18939,1.21773,1.24662,1.27604,1.30597,1.33637,1.36723,1.3985,1.43016,1.46217,1.49451,1.52712,1.55999,1.5930799999999998,1.62636,1.6598,1.69337,1.72705,1.76082,1.79466,1.82855,1.86248,1.8964299999999998,1.93041,1.96439,1.99839,2.0324,2.06641,2.10043,2.13447,2.16852,2.2025900000000003,2.2367,2.27084,2.30503,2.33927,2.37358,2.4079599999999997,2.4424200000000003,2.47697,2.5116099999999997,2.54637,2.58123,2.6162,2.65129,2.68649,2.72181,2.75723,2.79276,2.82837,2.86406,2.89981,2.93561,2.9714400000000003,3.00727,3.04308,3.0788599999999997,3.11459,-3.13294,-3.09738,-3.06193,-3.02661,-2.99142,-2.95637,-2.92148,-2.88675,-2.85217,-2.81776,-2.7835099999999997,-2.74942,-2.71549,-2.68172,-2.6480900000000003,-2.6146,-2.58124,-2.54802,-2.51492,-2.4819299999999997,-2.44904,-2.41626,-2.3835599999999997,-2.35095,-2.31842,-2.28595,-2.25354,-2.22119,-2.1888900000000002,-2.15663,-2.1244099999999997,-2.0922099999999997,-2.0600400000000003,-2.02788,-1.99574,-1.9636099999999999,-1.9314900000000002,-1.89936,-1.8672400000000002,-1.8351,-1.8029700000000002,-1.77082,-1.7386599999999999,-1.7065,-1.67432,-1.6421299999999999,-1.60994,-1.57775,-1.54555,-1.51336,-1.48118,-1.4490299999999998,-1.4169,-1.38481,-1.35277,-1.3208,-1.28891,-1.25711,-1.2254399999999999,-1.1939,-1.16252,-1.13132,-1.1003399999999999,-1.06958,-1.03909,-1.00889,-0.97901,-0.94947,-0.9203100000000001,-0.89155,-0.8632200000000001,-0.83535,-0.80796,-0.78108,-0.75472,-0.7289100000000001,-0.70367,-0.67902,-0.6549699999999999,-0.63154,-0.60874,-0.5866,-0.56512,-0.54433,-0.52425,-0.50489,-0.48628999999999994,-0.46846000000000004,-0.45145,-0.43528999999999995,-0.42002,-0.40571,-0.39239,-0.38015,-0.36906,D,10,-0.317
-2.2166,-2.38328,-2.50315,-2.54693,-2.52579,-2.45929,-2.3626,-2.2456400000000003,-2.1147099999999996,-1.9738799999999999,-1.8258299999999998,-1.6723700000000001,-1.5148,-1.35401,-1.19068,-1.02531,-0.8583,-0.68995,-0.5205,-0.35015,-0.17907,-0.007390000000000001,0.16476,0.33726999999999996,0.5100399999999999,0.68299,0.85601,1.02902,1.20192,1.3746,1.5469700000000002,1.7188900000000003,1.89022,2.06078,2.23037,2.39874,2.56555,2.7304,2.89275,3.05187,-3.0764099999999996,-2.92714,-2.7854900000000002,-2.6545,-2.53875,-2.4455299999999998,-2.38633,-2.37856,-2.44291,-2.58371,-2.75407,-2.8778900000000003,-2.92258,-2.89975,-2.83014,-2.72965,-2.60858,-2.47342,-2.32829,-2.17594,-2.01819,-1.85633,-1.69128,-1.52372,-1.35415,-1.18296,-1.01047,-0.8369200000000001,-0.66251,-0.48741,-0.31177,-0.13573,0.04061,0.21711999999999998,0.3937,0.57024,0.74661,0.9227,1.09837,1.27345,1.44775,1.62105,1.7930700000000002,1.96344,2.1317,2.29725,2.45926,2.6166,2.76763,2.90996,3.03999,-3.1311299999999997,-3.04605,-3.0023299999999997,-3.02075,-3.12046,2.99651,2.83635,2.74857,2.74063,2.79187,2.8822799999999997,2.99836,3.13165,-3.00635,-2.8526599999999998,-2.69275,-2.5281599999999997,-2.35997,-2.18898,-2.01578,-1.8408200000000001,-1.6644400000000001,-1.4869299999999999,-1.3085200000000001,-1.1294,-0.94973,-0.76967,-0.58935,-0.4089,-0.22846999999999998,-0.04818,0.13182,0.31135999999999997,0.49025,0.66827,0.84515,1.02055,1.19402,1.36501,1.53273,1.69613,1.85372,2.0032799999999997,2.14149,2.2631799999999997,2.36001,2.4184900000000003,2.4180599999999997,2.33582,2.1754599999999997,2.0042400000000002,1.90123,1.88359,1.93087,2.02097,2.13882,2.27506,2.42389,2.58163,2.74585,2.91492,3.0876799999999998,-3.01989,-2.84203,-2.6624,-2.48136,-2.29921,-2.11619,-1.93251,-1.74835,-1.56388,-1.37925,-1.19464,-1.0102,-0.8261,-0.64256,-0.45979,-0.27809,-0.0978,0.08065,0.25667,0.42949,0.59805,0.7608199999999999,0.91559,1.0589600000000001,1.18561,1.28692,1.34874,1.34921,1.26377,1.09758,0.92512,0.8279700000000001,0.81913,0.87525,0.9734799999999999,1.0987799999999999,1.24193,1.3972799999999999,1.56125,1.73148,1.90638,2.0848299999999997,2.26602,2.4493400000000003,2.6343400000000003,2.82065,3.0079599999999997,E,10,-2.31796
-2.01208,-2.0608,-2.1349,-2.2174400000000003,-2.29041,-2.34254,-2.37087,-2.37757,-2.3665599999999998,-2.3416900000000003,-2.30608,-2.26209,-2.21144,-2.15532,-2.09458,-2.02977,-1.96125,-1.8892099999999998,-1.8137599999999998,-1.7348700000000001,-1.65248,-1.56645,-1.47658,-1.38263,-1.28433,-1.18135,-1.07333,-0.9599,-0.8406600000000001,-0.71525,-0.58339,-0.44497,-0.30024,-0.14985,0.00498,0.16263,0.32136,0.47961000000000004,0.63617,0.7902399999999999,0.94127,1.08891,1.2329299999999999,1.37316,1.5095100000000001,1.64195,1.7705099999999998,1.8953,2.01647,2.13422,2.24879,2.36042,2.46939,2.57595,2.68039,2.78293,2.88382,2.98325,3.08137,-3.10489,-3.00917,-2.9148099999999997,-2.82215,-2.73191,-2.64534,-2.56453,-2.49287,-2.43552,-2.39978,-2.39447,-2.42689,-2.49615,-2.58705,-2.6745799999999997,-2.7387099999999998,-2.77267,-2.77922,-2.76437,-2.73385,-2.69208,-2.6422,-2.58638,-2.5260700000000003,-2.46223,-2.39549,-2.3262400000000003,-2.25469,-2.18096,-2.1050400000000002,-2.02687,-1.94635,-1.8633099999999998,-1.7775400000000001,-1.6887900000000002,-1.5968,-1.5012299999999998,-1.40174,-1.29795,-1.18945,-1.07582,-0.95667,-0.8317,-0.70076,-0.56401,-0.42205,-0.27594,-0.1271,0.022969999999999997,0.173,0.32211999999999996,0.46985,0.6159600000000001,0.7603,0.90271,1.04301,1.1809399999999999,1.31625,1.44868,1.57802,1.7041400000000002,1.82697,1.9465299999999999,2.06291,2.1762200000000003,2.28665,2.39437,2.4995700000000003,2.60238,2.70293,2.80124,2.89724,2.99068,3.08108,-3.1156099999999998,-3.03448,-2.96108,-2.89914,-2.85435,-2.8348,-2.84999,-2.9062099999999997,-2.99677,-3.09642,3.10833,3.06659,3.06032,3.08123,3.12092,-3.11017,-3.05001,-2.98458,-2.91569,-2.8444599999999998,-2.77157,-2.6974099999999996,-2.62221,-2.54603,-2.46887,-2.39065,-2.31126,-2.23053,-2.1482799999999997,-2.06429,-1.9783,-1.8900599999999999,-1.79925,-1.70555,-1.6086,-1.50803,-1.40344,-1.29443,-1.18064,-1.06177,-0.93773,-0.8087,-0.67529,-0.53855,-0.39986,-0.26061999999999996,-0.12193,0.01565,0.152,0.28734,0.42201000000000005,0.55629,0.69035,0.8241700000000001,0.95752,1.09006,1.22129,1.3507,1.47776,1.60202,1.72312,1.8408,1.95491,2.0653599999999996,2.1720900000000003,2.27506,2.37412,A,11,-0.40976999999999997
2.56897,-2.9026,-1.76635,-0.59987,0.21176,0.82957,1.3632600000000001,1.85312,2.31485,2.75422,-3.11216,-2.72551,-2.3944099999999997,-2.2141900000000003,-2.60067,3.0737900000000002,-3.1308,-2.8538099999999997,-2.5223400000000002,-2.17449,-1.82592,-1.4871299999999998,-1.1697799999999998,-0.89223,-0.6886800000000001,-0.6188,-0.7168399999999999,-0.8255,-0.7763,-0.59719,-0.35003,-0.07182000000000001,0.21615,0.4986,0.76045,0.98235,1.13809,1.2034,1.19706,1.20589,1.29694,1.46704,1.6881099999999998,1.9357400000000002,2.1919,2.44162,2.6696400000000002,2.8582099999999997,2.9887599999999996,3.0552099999999998,3.08815,-3.13685,-3.01847,-2.84338,-2.62994,-2.39635,-2.15802,-1.92907,-1.72435,-1.55979,-1.44779,-1.38286,-1.32964,-1.24377,-1.10609,-0.92306,-0.71017,-0.48291999999999996,-0.25538,-0.0414,0.14428,0.28715,0.38059,0.44028999999999996,0.50565,0.61133,0.7656,0.9583299999999999,1.1745,1.39955,1.61965,1.8204,1.98623,2.10377,2.17367,2.22439,2.29964,2.42422,2.59602,2.80085,3.02307,-3.03517,-2.82227,-2.63794,-2.5002299999999997,-2.42081,-2.38499,-2.34421,-2.25387,-2.10502,-1.9114799999999998,-1.6914900000000002,-1.46173,-1.23814,-1.03867,-0.8857799999999999,-0.8032199999999999,-0.79276,-0.8005,-0.7527699999999999,-0.6271899999999999,-0.44185,-0.22118000000000002,0.01432,0.24648,0.45474,0.61041,0.67437,0.62725,0.54835,0.55918,0.67904,0.8703200000000001,1.09855,1.33928,1.57165,1.77057,1.8973400000000002,1.8979599999999999,1.7717900000000002,1.6745400000000001,1.71879,1.87275,2.08509,2.32227,2.5613599999999996,2.78113,2.95444,3.04331,3.01762,2.93188,2.91581,3.01238,-3.0949400000000002,-2.87665,-2.64152,-2.40884,-2.19718,-2.02847,-1.92743,-1.9038,-1.9155400000000002,-1.8853799999999998,-1.7784099999999998,-1.60794,-1.3986399999999999,-1.17146,-0.9434,-0.73043,-0.54984,-0.4196,-0.34858,-0.31579,-0.26978,-0.17115999999999998,-0.01644,0.17894000000000002,0.39712,0.62228,0.8399,1.03503,1.192,1.29914,1.36217,1.41487,1.49922,1.63372,1.81256,2.02088,2.24349,2.46634,2.6755299999999997,2.85623,2.99428,3.08422,-3.13968,-3.0714,-2.96136,-2.80292,-2.60664,-2.3874,-2.15951,-1.93668,-1.73332,-1.56514,-1.44573,-1.37424,-1.3211,-1.24153,-1.1107,B,11,1.35436
1.8473400000000002,1.86077,1.8776700000000002,1.8983599999999998,1.9231,1.95212,1.9856,2.0236400000000003,2.0662,2.11314,2.16414,2.2187200000000002,2.27622,2.33585,2.39673,2.45792,2.51852,2.5777400000000004,2.63488,2.68945,2.74107,2.78957,2.83487,2.87701,2.9161200000000003,2.9523599999999997,2.98595,3.0171,3.0460599999999998,3.0730299999999997,3.09826,3.12193,-3.13892,-3.11775,-3.09757,-3.07822,-3.05955,-3.04142,-3.02369,-3.00624,-2.98895,-2.9717,-2.95438,-2.93687,-2.91906,-2.90084,-2.8820900000000003,-2.8627,-2.84255,-2.8215,-2.79942,-2.77619,-2.75165,-2.72566,-2.69805,-2.6686799999999997,-2.63737,-2.60398,-2.56834,-2.53031,-2.48977,-2.44664,-2.4008700000000003,-2.3524700000000003,-2.30152,-2.24819,-2.19275,-2.13554,-2.0770299999999997,-2.01773,-1.95825,-1.8991900000000002,-1.84119,-1.78482,-1.73059,-1.6789599999999998,-1.63025,-1.58471,-1.54251,-1.5037,-1.46831,-1.43628,-1.40753,-1.3819299999999999,-1.35937,-1.33968,-1.3227200000000001,-1.30833,-1.29637,-1.28669,-1.27914,-1.27358,-1.26989,-1.26794,-1.26759,-1.26872,-1.27122,-1.27496,-1.27983,-1.28569,-1.29244,-1.29995,-1.30809,-1.31674,-1.32578,-1.33507,-1.34449,-1.35391,-1.36321,-1.37226,-1.38093,-1.38911,-1.39667,-1.40351,-1.40952,-1.4146,-1.41866,-1.4216,-1.42336,-1.42385,-1.42303,-1.42082,-1.4172,-1.41212,-1.40557,-1.39753,-1.388,-1.37699,-1.36453,-1.35065,-1.3354,-1.31884,-1.30106,-1.28213,-1.26217,-1.24126,-1.21955,-1.19715,-1.17421,-1.15085,-1.12721,-1.10344,-1.0796700000000001,-1.05603,-1.03264,-1.00962,-0.9870700000000001,-0.9650799999999999,-0.94375,-0.92314,-0.9033200000000001,-0.88434,-0.86624,-0.84906,-0.83283,-0.8175600000000001,-0.8032699999999999,-0.78998,-0.77768,-0.76639,-0.7561,-0.74683,-0.73856,-0.73131,-0.72507,-0.71985,-0.71567,-0.7125199999999999,-0.71044,-0.7094199999999999,-0.7095100000000001,-0.71073,-0.71311,-0.7167100000000001,-0.7215600000000001,-0.7277399999999999,-0.73531,-0.74436,-0.75498,-0.76727,-0.78138,-0.79743,-0.8156100000000001,-0.8360799999999999,-0.85908,-0.88482,-0.9136,-0.9457,-0.98145,-1.0212,-1.06534,-1.1142299999999998,-1.16824,-1.22771,-1.29287,-1.3638299999999999,-1.44049,-1.52254,-1.60935,-1.6999900000000001,C,11,2.00495
-0.03968,-0.03356,-0.022180000000000002,-0.00656,0.01253,0.034460000000000005,0.05877,0.0851,0.11317,0.14279,0.17382,0.20615999999999998,0.23976999999999998,0.27464,0.31077,0.34822,0.38708000000000004,0.42744,0.46945,0.5132800000000001,0.55913,0.60725,0.65787,0.71125,0.76763,0.8271299999999999,0.8897799999999999,0.9554,1.0236,1.09382,1.16543,1.23785,1.31065,1.38354,1.45644,1.52935,1.6024,1.67576,1.74968,1.82445,1.90038,1.97787,2.05734,2.13925,2.22402,2.31175,2.4018200000000003,2.49241,2.58075,2.6646400000000003,2.74352,2.81814,2.88965,2.95918,3.0276099999999997,3.09564,-3.1194,-3.05077,-2.98135,-2.9109599999999998,-2.83945,-2.76675,-2.69282,-2.61767,-2.54137,-2.4640400000000002,-2.38584,-2.30698,-2.22777,-2.14855,-2.06976,-1.9919,-1.91555,-1.84139,-1.77013,-1.7025299999999999,-1.6393900000000001,-1.5814700000000002,-1.5295,-1.48412,-1.4458799999999998,-1.4151799999999999,-1.3922299999999999,-1.37707,-1.36954,-1.36921,-1.3754600000000001,-1.3874600000000001,-1.40421,-1.42462,-1.44755,-1.47195,-1.49684,-1.5214,-1.54491,-1.5668,-1.5865200000000002,-1.60353,-1.61715,-1.6265,-1.63036,-1.62696,-1.61392,-1.58828,-1.54719,-1.48974,-1.4186,-1.3392,-1.2567700000000002,-1.17467,-1.09453,-1.01691,-0.9418700000000001,-0.86919,-0.79855,-0.72956,-0.66184,-0.59497,-0.52855,-0.46219,-0.39555999999999997,-0.3284,-0.26058000000000003,-0.19217,-0.12342,-0.05476,0.013330000000000002,0.08038,0.14606,0.21018,0.27266,0.33353,0.39287,0.45082,0.50749,0.56304,0.61759,0.67127,0.72421,0.77652,0.82831,0.87969,0.93074,0.98156,1.03224,1.08286,1.13351,1.18426,1.23519,1.28636,1.33782,1.38961,1.44174,1.4941799999999998,1.54682,1.59948,1.6518,1.7032200000000002,1.7528700000000002,1.7995400000000001,1.8416099999999997,1.87725,1.90473,1.92282,1.93107,1.92983,1.91999,1.9027,1.87913,1.85034,1.81722,1.78055,1.7410700000000001,1.6995900000000002,1.6572,1.61548,1.57677,1.54441,1.52268,1.51621,1.5282,1.55834,1.60269,1.65602,1.7141099999999998,1.77427,1.83507,1.89578,1.9560799999999998,2.01586,2.07513,2.1339799999999998,2.1924799999999998,2.2507599999999996,2.30892,2.36709,2.42538,2.48391,2.54278,2.60209,D,11,-0.13777
-1.43733,-1.30418,-1.44895,-1.79086,-1.84654,-1.66786,-1.38943,-1.06542,-0.7174699999999999,-0.35545,0.015609999999999999,0.39285,0.77457,1.1596600000000001,1.5473700000000001,1.93715,2.3286,2.72139,3.11522,-2.77337,-2.3782799999999997,-1.9830299999999998,-1.58799,-1.1936799999999999,-0.8008,-0.41034,-0.0239,0.35596,0.72465,1.07323,1.3820299999999999,1.60095,1.5939,1.24794,1.08244,1.2322600000000001,1.51725,1.8596400000000002,2.2305599999999997,2.61765,3.01488,-2.86425,-2.45532,-2.04279,-1.62753,-1.21022,-0.7913899999999999,-0.37156999999999996,0.04869,0.46876,0.8877700000000001,1.3045200000000001,1.7171,2.12232,2.51428,2.88079,-3.09049,-2.91545,-3.08434,2.84515,2.88052,-3.1377099999999998,-2.78476,-2.3923200000000002,-1.97902,-1.55332,-1.1195700000000002,-0.6803100000000001,-0.23719,0.20861999999999997,0.6561,1.10425,1.5519,1.9974599999999998,2.4384200000000003,2.87049,-2.9979400000000003,-2.61943,-2.32835,-2.28442,-2.66572,-2.7892099999999997,-2.55591,-2.19142,-1.774,-1.33065,-0.8726799999999999,-0.4057,0.06705,0.54337,1.02142,1.49924,1.97426,2.44231,2.89557,-2.9666200000000003,-2.62545,-2.5221400000000003,-2.9039,-3.03508,-2.76842,-2.36446,-1.9072200000000001,-1.42448,-0.92776,-0.42301000000000005,0.08595,0.5957899999999999,1.10253,1.59976,2.07444,2.4934,2.7473099999999997,2.50842,2.2107900000000003,2.44044,2.8629700000000002,-2.93057,-2.41126,-1.8770099999999998,-1.3355700000000001,-0.7928,-0.25563,0.26371999999999995,0.73569,1.06282,0.8979799999999999,0.55187,0.79996,1.26236,1.79473,2.35626,2.93054,-2.7759,-2.20823,-1.6720099999999998,-1.23348,-1.16408,-1.62453,-1.45986,-0.9825299999999999,-0.41536000000000006,0.1851,0.79666,1.4026100000000001,1.9754200000000002,2.43125,2.4048599999999998,1.99773,2.30967,2.86462,-2.79448,-2.1486400000000003,-1.50789,-0.9141299999999999,-0.51561,-0.8558399999999999,-0.93342,-0.42896999999999996,0.21343,0.89335,1.56772,2.17034,2.4191,1.9261,2.2225200000000003,2.85712,-2.71628,-2.00487,-1.3822299999999998,-1.26086,-1.67975,-1.20353,-0.49118,0.26165,0.9546899999999999,1.2314200000000002,0.75665,1.23351,1.9860200000000001,2.7692799999999997,-2.86869,-3.09531,-3.0933,-2.37493,-1.55506,-0.8376100000000001,-0.95793,-1.00855,-0.25325,0.59638,1.23644,0.7861600000000001,1.2132,2.07433,2.89132,2.84943,2.83783,-2.59955,-1.7258200000000001,E,11,-2.66018
-1.8489200000000001,-1.8508799999999999,-1.8927,-1.9698099999999998,-2.06407,-2.1497,-2.20744,-2.23129,-2.22436,-2.19278,-2.14237,-2.0777,-2.00201,-1.91755,-1.82581,-1.72774,-1.62391,-1.51461,-1.39991,-1.27976,-1.15399,-1.02235,-0.88459,-0.74042,-0.5896399999999999,-0.43211000000000005,-0.26783,-0.097,0.07998,0.26249,0.4497,0.64061,0.8340799999999999,1.0288899999999999,1.2237799999999999,1.41754,1.60905,1.7973400000000002,1.98163,2.1613599999999997,2.33619,2.50598,2.67075,2.83068,2.98604,3.1371599999999997,-2.99877,-2.85502,-2.71443,-2.57671,-2.4416700000000002,-2.30925,-2.17957,-2.05301,-1.93025,-1.8123900000000002,-1.70105,-1.59845,-1.50757,-1.43224,-1.37721,-1.34802,-1.3502,-1.3869200000000002,-1.45482,-1.54053,-1.62345,-1.6853900000000002,-1.71765,-1.7200900000000001,-1.69668,-1.65221,-1.59079,-1.51556,-1.42875,-1.33186,-1.22585,-1.11129,-0.98846,-0.85744,-0.71821,-0.5706899999999999,-0.41481,-0.25063,-0.07835,0.10157000000000001,0.28836999999999996,0.48096000000000005,0.67794,0.8776799999999999,1.07845,1.27849,1.47622,1.67028,1.85963,2.04355,2.2216400000000003,2.39377,2.56002,2.72067,2.87609,3.02674,-3.11005,-2.96739,-2.82795,-2.69124,-2.55678,-2.42415,-2.293,-2.1630599999999998,-2.03417,-1.90629,-1.7795900000000002,-1.6544400000000001,-1.5315,-1.41172,-1.29639,-1.1871200000000002,-1.0859,-0.99511,-0.9175700000000001,-0.8567,-0.81653,-0.8015,-0.81553,-0.8596299999999999,-0.92843,-1.00813,-1.08026,-1.1296,-1.1491,-1.1386399999999999,-1.10145,-1.04144,-0.96206,-0.86595,-0.7549899999999999,-0.63049,-0.4934,-0.34441,-0.1842,-0.013519999999999999,0.16668,0.35512,0.5502100000000001,0.75005,0.9525100000000001,1.1554200000000001,1.35667,1.55447,1.7473900000000002,1.93441,2.11497,2.28885,2.45612,2.61707,2.77216,2.92191,3.0669,-3.0754599999999996,-2.9382,-2.80393,-2.6720900000000003,-2.54215,-2.4136,-2.28599,-2.15889,-2.03195,-1.90485,-1.7773700000000001,-1.6494099999999998,-1.52099,-1.39229,-1.26367,-1.1356899999999999,-1.00905,-0.8845799999999999,-0.7631899999999999,-0.64578,-0.5332399999999999,-0.42646000000000006,-0.32636,-0.234,-0.1507,-0.07822,-0.018869999999999998,0.02434,0.04793,0.04868,0.025580000000000002,-0.017,-0.06701,-0.10697999999999999,-0.12095999999999998,-0.10021000000000001,-0.04335,0.04653,0.1645,0.30518,0.4633,A,12,1.7317599999999997
0.77846,0.8171,0.85069,0.87865,0.9004700000000001,0.9157,0.92406,0.92558,0.92063,0.91012,0.8954700000000001,0.87854,0.86151,0.84657,0.83565,0.8302700000000001,0.83142,0.83959,0.8548399999999999,0.8769399999999999,0.90548,0.93994,0.9797799999999999,1.02444,1.07341,1.12624,1.18248,1.24179,1.3038100000000001,1.36828,1.4349399999999999,1.50358,1.5740100000000001,1.6460700000000001,1.7196099999999999,1.7945200000000001,1.8706900000000002,1.94802,2.02644,2.10588,2.18627,2.26757,2.34972,2.4327,2.51646,2.6009900000000004,2.68625,2.77222,2.8589,2.9462599999999997,3.0343,3.123,-3.07081,-2.9807799999999998,-2.8900900000000003,-2.79874,-2.7067200000000002,-2.61404,-2.52068,-2.4266400000000004,-2.3319099999999997,-2.2364900000000003,-2.14036,-2.04351,-1.9459400000000002,-1.8476299999999999,-1.7485700000000002,-1.6487599999999998,-1.54818,-1.44682,-1.3446799999999999,-1.24175,-1.1380299999999999,-1.03352,-0.9282100000000001,-0.8221200000000001,-0.71525,-0.60761,-0.49922,-0.39009,-0.28026,-0.16976,-0.05861,0.05313,0.16542,0.27821,0.39145,0.50507,0.6190100000000001,0.7332,0.8475799999999999,0.9620700000000001,1.0766,1.1911,1.3055,1.41973,1.53373,1.6474400000000002,1.7608099999999998,1.8737700000000002,1.9862799999999998,2.0983099999999997,2.20982,2.32077,2.43114,2.5409200000000003,2.65008,2.75863,2.86655,2.97384,3.08051,-3.09662,-2.99117,-2.88632,-2.78205,-2.67835,-2.57519,-2.4725599999999996,-2.37043,-2.26879,-2.16761,-2.06687,-1.96655,-1.8666099999999999,-1.7670299999999999,-1.66779,-1.5688600000000001,-1.47021,-1.37181,-1.2736399999999999,-1.17566,-1.07784,-0.98014,-0.88254,-0.78499,-0.6874600000000001,-0.5899,-0.49227,-0.39452,-0.29659,-0.19841,-0.09992999999999999,-0.00107,0.09827000000000001,0.19818,0.29878000000000005,0.40021,0.50262,0.6062,0.71119,0.81786,0.9265399999999999,1.03765,1.15171,1.26937,1.39145,1.51902,1.65343,1.79646,1.95035,2.11797,2.30271,2.50825,2.73759,2.99119,-3.0187,-2.73645,-2.45946,-2.19991,-1.96412,-1.7528099999999998,-1.56346,-1.39245,-1.23625,-1.09185,-0.95683,-0.82931,-0.70781,-0.5912,-0.47861000000000004,-0.36933,-0.26282,-0.15865,-0.05645,0.04405,0.14309000000000002,0.24086999999999997,0.33755,0.43326000000000003,0.52813,0.62224,0.71568,0.8085399999999999,0.90086,0.9927,1.08412,1.17515,1.2658399999999999,1.3562100000000001,1.44631,B,12,0.18191
1.0476299999999998,1.0519399999999999,1.05639,1.06098,1.0657299999999998,1.07063,1.07568,1.0809,1.08629,1.09184,1.09756,1.10346,1.10955,1.11581,1.12227,1.12893,1.13578,1.1428399999999999,1.15011,1.1576,1.16531,1.17325,1.1814200000000001,1.18983,1.19849,1.2074,1.2165700000000002,1.22601,1.2357200000000002,1.2457200000000002,1.256,1.2665799999999998,1.27747,1.28867,1.30018,1.31203,1.3242200000000002,1.33675,1.3496299999999999,1.3628799999999999,1.37649,1.39049,1.40487,1.41965,1.4348299999999998,1.45042,1.46643,1.4828700000000001,1.49973,1.5170299999999999,1.53477,1.5529600000000001,1.5716,1.59069,1.6102299999999998,1.6302299999999998,1.65067,1.67157,1.69292,1.7147,1.73692,1.7595599999999998,1.78262,1.80608,1.82992,1.8541299999999998,1.8787,1.9035900000000001,1.9288,1.95428,1.98003,2.006,2.03218,2.0585299999999997,2.08502,2.1116200000000003,2.1383,2.16502,2.19175,2.21846,2.24511,2.27168,2.29814,2.32445,2.35059,2.37653,2.40225,2.42772,2.45293,2.47785,2.50247,2.52677,2.5507400000000002,2.57437,2.59764,2.62056,2.64312,2.66531,2.68713,2.70858,2.72966,2.75037,2.77071,2.7907,2.81032,2.8296,2.84853,2.86712,2.88538,2.90332,2.9209400000000003,2.9382599999999996,2.95528,2.97201,2.98847,3.00465,3.02058,3.03626,3.0516900000000002,3.0669,3.08189,3.09666,3.11124,3.12562,3.1398200000000003,-3.12934,-3.1154900000000003,-3.1017799999999998,-3.08823,-3.07481,-3.06153,-3.0483599999999997,-3.03532,-3.02237,-3.00953,-2.99677,-2.9841,-2.9715,-2.95897,-2.9465,-2.93408,-2.92171,-2.90938,-2.89708,-2.88481,-2.87255,-2.8603099999999997,-2.84807,-2.83584,-2.8235900000000003,-2.81134,-2.79906,-2.7867599999999997,-2.7744299999999997,-2.76206,-2.74965,-2.73719,-2.7246799999999998,-2.71211,-2.6994700000000003,-2.68676,-2.67398,-2.66112,-2.64817,-2.6351299999999998,-2.622,-2.6087599999999997,-2.5954200000000003,-2.58197,-2.5684099999999996,-2.55472,-2.5409200000000003,-2.52699,-2.51293,-2.49873,-2.4844,-2.46992,-2.4553,-2.44054,-2.42562,-2.41056,-2.39534,-2.37996,-2.36443,-2.3487400000000003,-2.3328900000000004,-2.3168900000000003,-2.30072,-2.28439,-2.2679099999999996,-2.25127,-2.23447,-2.21752,-2.20043,-2.18318,-2.1657900000000003,-2.14826,-2.13059,-2.11279,-2.0948700000000002,C,12,-1.22031
-0.14598,-0.13974,-0.12629,-0.10744000000000001,-0.08441,-0.058070000000000004,-0.029,0.0024,0.03588,0.07128999999999999,0.10859,0.1478,0.18904,0.2325,0.27853,0.32757,0.38031,0.43768,0.50089,0.57134,0.64984,0.73501,0.82265,0.90848,0.9909899999999999,1.07089,1.14978,1.22946,1.31198,1.3998700000000002,1.49676,1.6051799999999998,1.6493,1.60095,1.54936,1.50116,1.4547700000000001,1.40857,1.36208,1.3171,1.2796399999999999,1.2612,1.27319,1.31407,1.37158,1.43573,1.50173,1.56772,1.63311,1.6977799999999998,1.76184,1.82545,1.88883,1.95218,2.01573,2.0796799999999998,2.14425,2.20967,2.27618,2.34405,2.41356,2.48507,2.55895,2.6356900000000003,2.71584,2.79998,2.88857,2.9814,3.07671,-3.11258,-3.0242,-2.94265,-2.86654,-2.79354,-2.72143,-2.64834,-2.57273,-2.49375,-2.41396,-2.36938,-2.50106,-2.59395,-2.63041,-2.6421799999999998,-2.6413900000000003,-2.63269,-2.61701,-2.5924099999999997,-2.55399,-2.49538,-2.41622,-2.32626,-2.2352,-2.1471,-2.0628,-1.98206,-1.90442,-1.8294,-1.75656,-1.6855099999999998,-1.61592,-1.54749,-1.47995,-1.41304,-1.3465,-1.2801,-1.21357,-1.14668,-1.07913,-1.01065,-0.94094,-0.86971,-0.79677,-0.72217,-0.64664,-0.57225,-0.5029899999999999,-0.44368,-0.39696,-0.36207,-0.33669,-0.31876,-0.30727,-0.30256,-0.30696,-0.3267,-0.37834,-0.49943000000000004,-0.5476,-0.50737,-0.45635,-0.40431999999999996,-0.35226,-0.29927,-0.24347,-0.18197,-0.11109000000000001,-0.029410000000000002,0.05724,0.14059000000000002,0.21763000000000002,0.28886,0.35548,0.41853,0.47881,0.53691,0.59328,0.64825,0.7021,0.7550600000000001,0.80728,0.85893,0.9101,0.96088,1.0113,1.0613299999999999,1.1108200000000001,1.1594799999999998,1.2067299999999999,1.25149,1.2918399999999999,1.32444,1.34395,1.34343,1.31806,1.2713299999999998,1.21512,1.1614200000000001,1.1165,1.08151,1.05516,1.03554,1.02112,1.01168,1.0122799999999998,1.06548,1.18824,1.2946,1.39021,1.4811,1.57063,1.6612200000000001,1.7550599999999998,1.85389,1.9569400000000001,2.05641,2.14131,2.20986,2.26651,2.31537,2.35905,2.39907,2.4363,2.4712400000000003,2.50409,2.5349,2.56352,2.58969,2.61298,2.6328,D,12,-1.7452400000000001
-1.06016,-0.61034,-0.15958,0.29211,0.7447600000000001,1.19835,1.6529200000000002,2.10846,2.5649900000000003,3.02251,-2.8021599999999998,-2.34262,-1.8820599999999998,-1.4204700000000001,-0.9578399999999999,-0.49415,-0.0294,0.43642,0.9033200000000001,1.37132,1.8404099999999999,2.3106299999999997,2.7819599999999998,-3.02875,-2.55513,-2.08035,-1.6044100000000001,-1.1272799999999998,-0.6489699999999999,-0.16945,0.31128,0.79323,1.27643,1.7608700000000002,2.24657,2.73355,-3.06137,-2.5718099999999997,-2.08093,-1.58873,-1.0951899999999999,-0.60031,-0.10405,0.39358000000000004,0.8926,1.39303,1.89488,2.39816,2.90289,-2.8741,-2.36643,-1.85726,-1.3465799999999999,-0.8343799999999999,-0.32063,0.19467,0.71154,1.23001,1.7500799999999999,2.27178,2.7951200000000003,-2.96307,-2.4364,-1.90803,-1.37795,-0.8461299999999999,-0.31256,0.22276999999999997,0.7599,1.29883,1.8396,2.3822099999999997,2.9267,-2.81011,-2.26182,-1.7115900000000002,-1.15941,-0.60525,-0.0491,0.5090899999999999,1.06932,1.63162,2.19601,2.76252,-2.95201,-2.38118,-1.80817,-1.23294,-0.65546,-0.07572000000000001,0.50632,1.09069,1.6774,2.26649,2.85798,-2.83128,-2.2349,-1.6360299999999999,-1.03464,-0.43071000000000004,0.17578,0.78488,1.3966100000000001,2.01098,2.62804,-3.03539,-2.4129,-1.7876599999999998,-1.15965,-0.52885,0.10475,0.74115,1.38036,2.02237,2.6671400000000003,-2.96853,-2.3183599999999998,-1.6656400000000002,-1.01053,-0.35329,0.30569,0.96578,1.62594,2.28436,2.93756,-2.70495,-2.0952,-1.57666,-1.43324,-1.9491900000000002,-1.72462,-1.1738600000000001,-0.5352,0.13922,0.83291,1.53916,2.25477,2.97802,-2.57525,-1.8392700000000002,-1.09762,-0.35055,0.40174,1.15911,1.9214200000000001,2.68852,-2.8229599999999997,-2.04692,-1.26695,-0.4837,0.30174,1.08734,1.86906,2.63758,-2.91689,-2.33817,-2.53953,-2.7221,-2.12167,-1.36122,-0.54913,0.28825,1.1415600000000001,2.00658,2.88096,-2.52013,-1.63189,-0.73965,0.15285,1.03739,1.89083,2.61563,2.52869,2.35955,3.09192,-2.29985,-1.35836,-0.39236,0.58831,1.57734,2.56708,-2.7423599999999997,-1.8449200000000001,-1.4636200000000001,-1.9174,-1.15487,-0.16353,0.88674,1.96101,3.04181,-2.18058,-1.24716,-1.38028,-1.22126,-0.21203000000000002,0.91706,2.0788,-3.04928,-2.00365,-2.03575,E,12,0.8744799999999999
2.7965,2.8610599999999997,2.9342200000000003,3.01403,3.09903,-3.09507,-3.00273,-2.90775,-2.8105900000000004,-2.71158,-2.61097,-2.50895,-2.40565,-2.30117,-2.19561,-2.08905,-1.9816,-1.8734,-1.7646400000000002,-1.6555400000000002,-1.5464200000000001,-1.4376200000000001,-1.32954,-1.22262,-1.11731,-1.01403,-0.9132,-0.81517,-0.72028,-0.62883,-0.5411199999999999,-0.45745,-0.37816,-0.30365,-0.23440999999999998,-0.17107999999999998,-0.11445,-0.06552000000000001,-0.02555,0.00399,0.021419999999999998,0.02508,0.0137,-0.0129,-0.052989999999999995,-0.1022,-0.15382,-0.20015,-0.23456,-0.25285,-0.25349,-0.2369,-0.20465,-0.15878,-0.10138,-0.03444,0.04025,0.12113,0.20684,0.29625,0.38842,0.48261000000000004,0.57824,0.67489,0.77223,0.8700700000000001,0.9682700000000001,1.0667799999999998,1.1655799999999998,1.26468,1.36412,1.46396,1.56425,1.66505,1.76642,1.8683900000000002,1.9709599999999998,2.0741,2.17774,2.28172,2.38579,2.4896,2.5926099999999996,2.69409,2.79304,2.88815,2.9776700000000003,3.0594,3.13053,-3.0954599999999997,-3.0560400000000003,-3.03815,-3.0443700000000002,-3.07413,-3.12167,3.10728,3.05934,3.02775,3.0171,3.02738,3.05607,3.09992,-3.12732,-3.0619,-2.98904,-2.91033,-2.82698,-2.7398700000000002,-2.64969,-2.55693,-2.46198,-2.3650900000000004,-2.26647,-2.16629,-2.06466,-1.9617099999999998,-1.8575700000000002,-1.7524,-1.6463900000000002,-1.53979,-1.4329100000000001,-1.3261100000000001,-1.21979,-1.11439,-1.01033,-0.90805,-0.80792,-0.71029,-0.61546,-0.52371,-0.43528,-0.35042,-0.26942,-0.19258,-0.12032000000000001,-0.05313,0.00831,0.06318,0.11041,0.14867,0.17636,0.19172,0.19295,0.17876,0.14907,0.106,0.054520000000000006,0.00202,-0.04342,-0.0752,-0.08954,-0.08542999999999999,-0.06377000000000001,-0.026489999999999996,0.02415,0.08588,0.15665,0.23462,0.31826,0.40626,0.49756000000000006,0.59133,0.68693,0.78386,0.8817799999999999,0.98046,1.07975,1.17956,1.27987,1.3807,1.48206,1.58402,1.6866299999999999,1.78997,1.8940700000000001,1.999,2.10478,2.21139,2.3187900000000004,2.42687,2.53545,2.64425,2.75285,2.86068,2.96698,3.07072,-3.11259,-3.01824,-2.93147,-2.85479,-2.7911599999999996,-2.74391,-2.71643,-2.71141,-2.7294099999999997,-2.7671099999999997,-2.81639,-2.86585,-2.90476,-2.92631,A,13,0.08631
-3.12665,3.13863,3.12526,3.11741,3.11568,3.12025,3.13105,-3.13538,-3.11307,-3.08568,-3.05366,-3.01749,-2.9776,-2.93439,-2.88821,-2.8393900000000003,-2.78821,-2.7349200000000002,-2.67975,-2.62288,-2.56448,-2.5047099999999998,-2.4437,-2.38157,-2.3184099999999996,-2.25432,-2.1893700000000003,-2.12365,-2.05721,-1.9901099999999998,-1.9224,-1.8541299999999998,-1.7853400000000001,-1.71606,-1.6463299999999998,-1.57618,-1.5056399999999999,-1.43472,-1.3634700000000002,-1.29188,-1.21999,-1.14781,-1.07536,-1.00265,-0.92969,-0.8565,-0.78308,-0.7094600000000001,-0.63563,-0.56161,-0.4874,-0.41302,-0.33846,-0.26374000000000003,-0.18887,-0.11384000000000001,-0.038669999999999996,0.03665,0.1121,0.18767999999999999,0.26339,0.33923000000000003,0.41518999999999995,0.49126000000000003,0.56745,0.64374,0.72015,0.79666,0.87328,0.94999,1.0268,1.10371,1.18071,1.25781,1.33499,1.41226,1.4896200000000002,1.5670600000000001,1.6445900000000002,1.72219,1.79988,1.8776400000000002,1.9554799999999999,2.0334,2.11139,2.18945,2.26759,2.34579,2.42407,2.50241,2.58082,2.65929,2.7378299999999998,2.81643,2.89509,2.97381,3.0525900000000004,3.13143,-3.07286,-2.99391,-2.9149,-2.83585,-2.75674,-2.67758,-2.59838,-2.51913,-2.4398400000000002,-2.3605099999999997,-2.28113,-2.20172,-2.12228,-2.0428,-1.9632900000000002,-1.8837599999999999,-1.8042099999999999,-1.7246299999999999,-1.64504,-1.56544,-1.48584,-1.40624,-1.32664,-1.2470700000000001,-1.1675200000000001,-1.088,-1.00854,-0.92914,-0.84982,-0.77061,-0.69153,-0.61263,-0.53394,-0.45552,-0.37745,-0.29984,-0.22284,-0.14665,-0.0716,0.00183,0.0728,0.13985999999999998,0.20007,0.24677,0.26054,0.15481,-0.8963700000000001,-2.0245900000000003,-2.14017,-2.12843,-2.08239,-2.02238,-1.95534,-1.8842599999999998,-1.81066,-1.73538,-1.6589099999999999,-1.58159,-1.5036200000000002,-1.42516,-1.3463100000000001,-1.26715,-1.18775,-1.10814,-1.02837,-0.9484600000000001,-0.8684299999999999,-0.7883100000000001,-0.70812,-0.62785,-0.5475399999999999,-0.46717,-0.38678,-0.30635,-0.2259,-0.14544,-0.06497,0.01551,0.09598999999999999,0.17647000000000002,0.25695,0.33741,0.41786,0.49828999999999996,0.5787100000000001,0.6591,0.73947,0.8198200000000001,0.9001299999999999,0.9804200000000001,1.06067,1.14089,1.22107,1.30121,1.38131,1.46137,1.54139,1.6213600000000001,1.70128,1.78115,1.86097,1.9407400000000001,B,13,-0.38998
-1.7386,-1.74517,-1.7517200000000002,-1.7582400000000002,-1.76473,-1.77118,-1.7775900000000002,-1.7839599999999998,-1.7902799999999999,-1.7965400000000002,-1.80275,-1.8089,-1.81498,-1.821,-1.8269400000000002,-1.8328099999999998,-1.8386099999999999,-1.84431,-1.8499400000000001,-1.8554700000000002,-1.8609200000000001,-1.8662599999999998,-1.8715099999999998,-1.8766599999999998,-1.8817099999999998,-1.88665,-1.8914799999999998,-1.8962,-1.9008,-1.9052900000000002,-1.90966,-1.9139,-1.91802,-1.92202,-1.92589,-1.9296200000000001,-1.93323,-1.9366900000000002,-1.94003,-1.9432200000000002,-1.9462700000000002,-1.94918,-1.95195,-1.9545700000000001,-1.9570400000000001,-1.95935,-1.9615200000000002,-1.96354,-1.9653900000000002,-1.9670900000000002,-1.9686299999999999,-1.9700099999999998,-1.97123,-1.97228,-1.97317,-1.9738799999999999,-1.97443,-1.9748,-1.975,-1.97502,-1.9748599999999998,-1.97453,-1.9740099999999998,-1.9733,-1.9724099999999998,-1.97133,-1.97006,-1.96859,-1.96692,-1.9650599999999998,-1.963,-1.9607299999999999,-1.95826,-1.9555799999999999,-1.95268,-1.94957,-1.94625,-1.9427,-1.9389299999999998,-1.93494,-1.93072,-1.9262599999999999,-1.92157,-1.9166400000000001,-1.91147,-1.9060599999999999,-1.9004,-1.8944900000000002,-1.8883299999999998,-1.8819099999999997,-1.87523,-1.86828,-1.86107,-1.8536,-1.84585,-1.8378299999999999,-1.8295299999999999,-1.82096,-1.8121,-1.80296,-1.7935299999999998,-1.7838200000000002,-1.7738200000000002,-1.76354,-1.7529599999999999,-1.7420900000000001,-1.7309299999999999,-1.71948,-1.70774,-1.6957200000000001,-1.6834099999999999,-1.67081,-1.6579400000000002,-1.64478,-1.63135,-1.61766,-1.60369,-1.5894700000000002,-1.575,-1.56029,-1.5453299999999999,-1.53015,-1.51475,-1.49914,-1.48333,-1.4673399999999999,-1.45117,-1.4348299999999998,-1.41835,-1.40173,-1.38499,-1.36814,-1.3512,-1.33418,-1.3170899999999999,-1.29996,-1.2828,-1.26562,-1.24844,-1.23127,-1.21414,-1.19705,-1.18002,-1.16306,-1.14619,-1.12942,-1.11277,-1.0962399999999999,-1.07985,-1.06361,-1.04752,-1.0316100000000001,-1.01587,-1.00033,-0.9849700000000001,-0.9698200000000001,-0.9548700000000001,-0.9401299999999999,-0.9256200000000001,-0.91132,-0.89725,-0.88341,-0.8698,-0.8564200000000001,-0.8432700000000001,-0.83036,-0.8176899999999999,-0.80525,-0.79304,-0.7810699999999999,-0.7693300000000001,-0.75783,-0.74655,-0.7355,-0.72467,-0.71407,-0.70368,-0.69352,-0.68357,-0.67382,-0.6642899999999999,-0.65496,-0.64583,-0.6369,-0.62816,-0.61961,-0.61125,-0.60307,-0.59507,-0.58724,-0.5795899999999999,-0.5721,-0.5647800000000001,-0.55762,-0.55062,-0.54378,-0.53708,-0.5305300000000001,-0.52412,-0.51786,C,13,-0.32500999999999997
1.7114200000000002,1.7447,1.77331,1.79713,1.81608,1.83008,1.8391099999999998,1.84322,1.84253,1.83726,1.82775,1.81443,1.79787,1.7786799999999998,1.75757,1.73522,1.71229,1.6893799999999999,1.66697,1.64545,1.62515,1.60643,1.58994,1.57738,1.57466,1.6081299999999998,1.7176200000000001,1.83674,1.94432,2.04508,2.14383,2.24696,2.37241,2.4992400000000004,2.55173,2.5912599999999997,2.62688,2.6600900000000003,2.69061,2.7173599999999998,2.73868,2.75248,2.75653,2.74899,2.7291,2.69791,2.65861,2.616,2.5752900000000003,2.5408,2.51525,2.49971,2.49408,2.49755,2.50904,2.5274099999999997,2.5516099999999997,2.58073,2.61402,2.65083,2.69065,2.7330400000000004,2.77765,2.8242,2.87243,2.92214,2.97317,3.02537,3.0786,3.13279,-3.09533,-3.0394400000000004,-2.98271,-2.92509,-2.86642,-2.80642,-2.74453,-2.67971,-2.6099200000000002,-2.53068,-2.43194,-2.30725,-2.18739,-2.08146,-1.9807,-1.87883,-1.7704799999999998,-1.6475400000000002,-1.50965,-1.53742,-1.58666,-1.6325100000000001,-1.677,-1.72175,-1.76711,-1.81172,-1.8524599999999998,-1.8848799999999999,-1.90474,-1.90967,-1.8999700000000002,-1.8778700000000002,-1.84633,-1.80804,-1.7651299999999999,-1.71908,-1.6709200000000002,-1.62132,-1.57071,-1.51937,-1.46747,-1.41509,-1.36229,-1.30908,-1.25545,-1.20138,-1.14683,-1.09175,-1.03611,-0.97983,-0.92286,-0.86513,-0.80657,-0.7471,-0.68662,-0.6250399999999999,-0.5622199999999999,-0.498,-0.43217,-0.36445,-0.29446,-0.2216,-0.14498,-0.06316000000000001,0.026139999999999997,0.12564,0.23196999999999998,0.32756,0.40686,0.47784,0.5468,0.61769,0.69343,0.77232,0.7119800000000001,0.61207,0.56402,0.53705,0.52176,0.5149,0.5160399999999999,0.5264800000000001,0.54828,0.5826,0.6281399999999999,0.68138,0.73858,0.7971,0.8554700000000001,0.9129799999999999,0.96935,1.02453,1.07855,1.13151,1.1835200000000001,1.23471,1.28519,1.33507,1.38449,1.43353,1.48231,1.53093,1.57949,1.6281,1.6768599999999998,1.7258799999999999,1.7752599999999998,1.82513,1.8756099999999998,1.92684,1.9789599999999998,2.0321599999999997,2.08661,2.14256,2.20028,2.26008,2.32234,2.38747,2.45582,2.52716,2.59911,2.6638599999999997,2.7101900000000003,2.73651,2.74943,2.75386,2.75102,2.73825,2.7052,2.60517,D,13,-1.42717
1.61366,1.64887,1.48603,1.22405,1.13157,1.21601,1.3953799999999998,1.62317,1.87732,2.14675,2.42525,2.70898,2.99513,-3.00183,-2.718,-2.43965,-2.17131,-1.9206400000000001,-1.7019799999999998,-1.54512,-1.51316,-1.6898900000000001,-1.95104,-2.02335,-1.92068,-1.7274599999999998,-1.48858,-1.22501,-0.94737,-0.66165,-0.3717,-0.08046,0.20936999999999997,0.49468999999999996,0.7712100000000001,1.03196,1.26417,1.4417200000000001,1.50801,1.3713,1.09761,0.9882700000000001,1.0727799999999998,1.25997,1.49801,1.7629400000000002,2.04291,2.33135,2.6240900000000003,2.91799,-3.07304,-2.78595,-2.5086,-2.2487,-2.0205900000000003,-1.85424,-1.8142099999999999,-1.9899099999999998,-2.25497,-2.3233599999999996,-2.21327,-2.01265,-1.7670299999999999,-1.4974299999999998,-1.21444,-0.92406,-0.6301800000000001,-0.33583,-0.04394,0.24205,0.5170899999999999,0.77278,0.9930399999999999,1.144,1.15392,0.94465,0.69844,0.66427,0.79203,1.00031,1.24904,1.51952,1.8022,2.0916099999999997,2.38413,2.67696,2.96739,-3.03092,-2.75611,-2.49877,-2.2726599999999997,-2.10622,-2.06034,-2.22305,-2.49097,-2.5771900000000003,-2.48175,-2.29205,-2.0554,-1.7937400000000001,-1.5180200000000001,-1.23432,-0.9464299999999999,-0.65704,-0.36848000000000003,-0.08313999999999999,0.19601,0.46458,0.7153,0.9346200000000001,1.09475,1.13709,0.97798,0.71218,0.61655,0.7004600000000001,0.87971,1.10691,1.35982,1.62733,1.90336,2.1842,2.46734,2.75081,3.03283,-2.97175,-2.69905,-2.4359,-2.18825,-1.9668299999999999,-1.79283,-1.71045,-1.79738,-2.0539,-2.22825,-2.20856,-2.0687,-1.8676700000000002,-1.63426,-1.3825399999999999,-1.11998,-0.85088,-0.57798,-0.30314,-0.027819999999999998,0.24669000000000002,0.5191100000000001,0.78791,1.05112,1.3058100000000001,1.54732,1.7675299999999998,1.95111,2.06716,2.05595,1.86103,1.62075,1.54767,1.6262299999999998,1.78758,1.99248,2.22165,2.46516,2.71751,2.9754099999999997,-3.04643,-2.78308,-2.5188200000000003,-2.2545,-1.99091,-1.72882,-1.46909,-1.21278,-0.96131,-0.71672,-0.48216000000000003,-0.26282,-0.06786,0.08542000000000001,0.16305999999999998,0.10639000000000001,-0.11048,-0.32334,-0.3754,-0.29702,-0.14611,0.044289999999999996,0.25736,0.48418999999999995,0.7197399999999999,0.96098,1.20597,1.4534200000000002,1.70242,1.9522700000000002,2.20246,2.45254,2.70214,2.95087,-3.08481,E,13,-0.13325
-3.04965,-3.10755,-3.1238599999999996,-3.10197,-3.05135,-2.98089,-2.8970599999999997,-2.80424,-2.7052099999999997,-2.60175,-2.49494,-2.38541,-2.2735,-2.15935,-2.04298,-1.9243,-1.8032,-1.67956,-1.55329,-1.4244700000000001,-1.29335,-1.16059,-1.02729,-0.8951600000000001,-0.76641,-0.64359,-0.5292899999999999,-0.42591,-0.33564,-0.26053000000000004,-0.20268,-0.16424,-0.14712999999999998,-0.15231,-0.17842,-0.22048,-0.26958000000000004,-0.31482,-0.34665999999999997,-0.35925999999999997,-0.35069,-0.32156,-0.27371,-0.2092,-0.12994,-0.03752,0.06663999999999999,0.18114,0.30441,0.43458,0.5695,0.70695,0.8449,0.9818100000000001,1.11661,1.24871,1.37785,1.5039799999999999,1.62715,1.74745,1.86493,1.9795900000000002,2.0913,2.19976,2.30443,2.40437,2.4980900000000004,2.58324,2.65623,2.7116700000000002,2.7420400000000003,2.73843,2.69481,2.6177099999999998,2.53325,2.4746200000000003,2.45969,2.48716,2.54707,2.62907,2.72527,2.8303,2.94073,3.05445,-3.11299,-2.99592,-2.87787,-2.7589900000000003,-2.63924,-2.5185299999999997,-2.3967,-2.27355,-2.14889,-2.02258,-1.89457,-1.7649599999999999,-1.63415,-1.50294,-1.37273,-1.24563,-1.1245,-1.0127899999999999,-0.91428,-0.83281,-0.7720899999999999,-0.73543,-0.72519,-0.74145,-0.7802600000000001,-0.83255,-0.8857,-0.9277299999999999,-0.9509299999999999,-0.9526,-0.9334600000000001,-0.8958200000000001,-0.8422799999999999,-0.77515,-0.69627,-0.60701,-0.50837,-0.40110999999999997,-0.2859,-0.16348,-0.03487,0.09854,0.23501,0.37261,0.50951,0.64426,0.77583,0.90364,1.02741,1.1470200000000002,1.26242,1.37352,1.48013,1.58188,1.67812,1.7678599999999998,1.84955,1.92094,1.9787299999999999,2.01838,2.03418,2.02034,1.9746599999999999,1.90474,1.83135,1.7801099999999999,1.7672299999999999,1.79487,1.8565099999999999,1.94314,2.0466,2.16058,2.28068,2.40401,2.52881,2.65404,2.7791799999999998,2.90401,3.02851,-3.13042,-3.00624,-2.88192,-2.75723,-2.63198,-2.50599,-2.37915,-2.25153,-2.12339,-1.99537,-1.86863,-1.74515,-1.6278700000000002,-1.52092,-1.42953,-1.3597,-1.31749,-1.30766,-1.33112,-1.3817700000000002,-1.44544,-1.50434,-1.54463,-1.56031,-1.55162,-1.52177,-1.4745700000000002,-1.41336,-1.34077,-1.25872,-1.16855,-1.07118,-0.9672,-0.8569899999999999,-0.7408399999999999,-0.6190399999999999,-0.49203,A,14,-2.16071
2.10114,2.16899,2.2406200000000003,2.31511,2.39163,2.46942,2.54777,2.626,2.70341,2.77924,2.85269,2.92283,2.9886,3.04873,3.10174,-3.13733,-3.10414,-3.08409,-3.07928,-3.09118,-3.1197,3.12101,3.0702700000000003,3.01917,2.97565,2.94557,2.93173,2.93433,2.95194,2.98244,3.0236,3.07333,3.12981,-3.09172,-3.02623,-2.95804,-2.8881900000000003,-2.8176,-2.7471400000000004,-2.67768,-2.61007,-2.54522,-2.48408,-2.4277,-2.37719,-2.33371,-2.29841,-2.27231,-2.25612,-2.24987,-2.25271,-2.2625900000000003,-2.27632,-2.29,-2.2997,-2.3021700000000003,-2.29525,-2.27798,-2.25032,-2.2129,-2.16667,-2.11272,-2.05213,-1.98593,-1.91504,-1.84028,-1.76236,-1.6819400000000002,-1.59959,-1.5158399999999999,-1.43116,-1.34602,-1.2608700000000002,-1.17618,-1.09241,-1.01007,-0.92973,-0.85201,-0.77762,-0.70741,-0.64235,-0.58358,-0.53241,-0.49033000000000004,-0.45891000000000004,-0.43968999999999997,-0.43381000000000003,-0.44155,-0.46178,-0.49144,-0.52568,-0.5587,-0.58511,-0.60105,-0.60465,-0.59573,-0.57525,-0.54477,-0.50605,-0.46087,-0.41091000000000005,-0.35778000000000004,-0.303,-0.24808000000000002,-0.19457,-0.14415,-0.09869,-0.060360000000000004,-0.031639999999999995,-0.015390000000000001,-0.01462,-0.03202,-0.06888999999999999,-0.12361,-0.19033,-0.2594,-0.32014000000000004,-0.36444,-0.38845,-0.39205,-0.37723,-0.34679,-0.30354000000000003,-0.24995,-0.18807000000000001,-0.11957999999999999,-0.04583,0.0321,0.11332,0.19710999999999998,0.28286,0.37003,0.45819,0.54692,0.63585,0.72463,0.81293,0.9004,0.98672,1.07154,1.1545,1.2352299999999998,1.31334,1.3884100000000001,1.46002,1.5277399999999999,1.5911600000000001,1.64989,1.70366,1.7522799999999998,1.79578,1.8344200000000002,1.8687599999999998,1.89968,1.9283400000000002,1.95612,1.98448,2.01483,2.04839,2.08609,2.12857,2.17613,2.22884,2.28655,2.3489400000000002,2.4156400000000002,2.48617,2.56003,2.6367,2.71561,2.79615,2.8776200000000003,2.95916,3.03963,3.1173599999999997,-3.09357,-3.0318,-2.99111,-2.9988,3.13605,2.49058,1.60233,1.3442,1.30701,1.33899,1.3998,1.47512,1.5586200000000001,1.6470799999999999,1.7386700000000002,1.83224,1.9270200000000002,2.02247,2.11816,2.21374,2.30893,2.40346,2.4971,2.58961,2.68076,B,14,1.88241
1.33036,1.36316,1.39741,1.43298,1.46976,1.50759,1.5462799999999999,1.58566,1.6255,1.6655900000000001,1.7057,1.7456200000000002,1.78512,1.824,1.8620700000000001,1.89917,1.9351599999999998,1.9699200000000001,2.00335,2.03538,2.06597,2.09508,2.1227099999999997,2.14886,2.17355,2.1968,2.21865,2.2391400000000004,2.25832,2.27625,2.29297,2.3085400000000003,2.32302,2.33645,2.34891,2.36044,2.3711,2.3809400000000003,2.39003,2.3984099999999997,2.40615,2.4133,2.41993,2.4260900000000003,2.43185,2.43729,2.44247,2.44748,2.4524,2.45733,2.46237,2.4676299999999998,2.47324,2.47933,2.48605,2.49358,2.50209,2.51179,2.5228900000000003,2.53563,2.5502599999999997,2.56704,2.5862700000000003,2.6082,2.63312,2.66127,2.6928799999999997,2.7280900000000003,2.76697,2.8094900000000003,2.85548,2.90461,2.9564,3.01024,3.0654,3.1211,-3.1066599999999998,-3.05225,-2.99949,-2.9489,-2.90084,-2.85553,-2.81304,-2.77335,-2.73634,-2.7018299999999997,-2.6696,-2.63941,-2.611,-2.58411,-2.55851,-2.53393,-2.51015,-2.48696,-2.46415,-2.44151,-2.41889,-2.39609,-2.37297,-2.34937,-2.32515,-2.30017,-2.27431,-2.24746,-2.2195,-2.19034,-2.1598900000000003,-2.1280900000000003,-2.09488,-2.06023,-2.02411,-1.9865599999999999,-1.9476,-1.9073099999999998,-1.8658,-1.82319,-1.7796599999999998,-1.73541,-1.69065,-1.6456400000000002,-1.60063,-1.55587,-1.51163,-1.4681600000000001,-1.4256799999999998,-1.3844,-1.34449,-1.30611,-1.26938,-1.23438,-1.20117,-1.1697899999999999,-1.14025,-1.11256,-1.0866799999999999,-1.0626,-1.04026,-1.01962,-1.00063,-0.98324,-0.96739,-0.9530200000000001,-0.94009,-0.9285399999999999,-0.91832,-0.90938,-0.90169,-0.8952,-0.88987,-0.8856700000000001,-0.8825700000000001,-0.8805299999999999,-0.87954,-0.87956,-0.8805700000000001,-0.88256,-0.8855,-0.88938,-0.89417,-0.89986,-0.90643,-0.91386,-0.9221299999999999,-0.93122,-0.94111,-0.9517700000000001,-0.96316,-0.9752700000000001,-0.9880399999999999,-1.0014399999999999,-1.01542,-1.02993,-1.04491,-1.0603,-1.0760299999999998,-1.0920299999999998,-1.10822,-1.1245,-1.14081,-1.15704,-1.17311,-1.1889100000000001,-1.20436,-1.21935,-1.2338,-1.24761,-1.2607,-1.27298,-1.28437,-1.29481,-1.30423,-1.31257,-1.31978,-1.3258299999999998,-1.33067,-1.33428,-1.33665,-1.33778,-1.33766,-1.33631,C,14,2.83787
1.33073,1.3637700000000001,1.38201,1.38574,1.3761299999999999,1.3553899999999999,1.3267799999999998,1.29421,1.2616100000000001,1.23232,1.20865,1.19177,1.18191,1.17859,1.18093,1.18781,1.1980899999999999,1.21064,1.2245700000000002,1.23968,1.25842,1.30643,1.6081,1.88497,2.13857,2.3787599999999998,2.60544,2.58534,2.542,2.529,2.5314400000000004,2.5430099999999998,2.55597,2.55398,2.48095,0.91305,-0.27216999999999997,-0.36172,-0.39887,-0.42276,-0.44003000000000003,-0.45192,-0.45826000000000006,-0.4584,-0.45156,-0.43709,-0.41497,-0.38641,-0.35389,-0.32011999999999996,-0.28679,-0.25413,-0.22124000000000002,-0.18641,-0.14719000000000002,-0.10002,-0.03955,0.043039999999999995,0.16294,0.34672,0.63322,1.0357100000000001,1.45644,1.77098,1.9689900000000002,2.08684,2.1472,2.11045,1.9692900000000002,1.90603,1.8562,1.79485,1.6611900000000002,1.7245099999999998,1.8546799999999999,1.9625299999999999,2.05863,2.14785,2.23298,2.31577,2.39738,2.47853,2.5597,2.64114,2.72301,2.80539,2.8883099999999997,2.97182,3.05595,3.14074,-3.0569599999999997,-2.97074,-2.8837200000000003,-2.79582,-2.70689,-2.6167,-2.52487,-2.4309,-2.3340799999999997,-2.2335,-2.1280200000000002,-2.01627,-1.8965900000000002,-1.7670299999999999,-1.62535,-1.46912,-1.29587,-1.10342,-0.89054,-0.6585300000000001,-0.41434,-0.16937,0.07457000000000001,0.39031,0.65605,0.9004,1.21269,1.61379,2.06904,1.98337,1.92965,1.9015799999999998,1.88533,1.8756,1.8698700000000001,1.86684,1.8658,1.8664,1.8685,1.8721599999999998,1.8776599999999999,1.88555,1.8969099999999999,1.91367,1.9396900000000001,1.98317,2.0647599999999997,2.25054,2.81661,-2.37701,-1.9181700000000002,-1.7650599999999999,-1.70049,-1.67124,-1.6597,-1.65845,-1.66379,-1.6736099999999998,-1.6865599999999998,-1.7016900000000001,-1.7183400000000002,-1.73605,-1.75457,-1.7739599999999998,-1.79467,-1.8177900000000002,-1.8455599999999999,-1.88267,-1.9412900000000002,-2.00375,-1.70261,-1.45381,-1.23001,-1.01684,-0.7462,-0.50912,-0.33673000000000003,-0.16408,0.01522,0.20065,0.39011,0.58191,0.7752600000000001,0.9687399999999999,1.15828,1.33853,1.5063,1.66123,1.80444,1.9375900000000001,2.0624599999999997,2.18078,2.2942099999999996,2.4043799999999997,2.51282,2.62099,2.73009,2.8408,2.95304,3.06608,-3.1042099999999997,-2.99206,-2.8808700000000003,-2.77055,-2.66099,-2.5521,-2.4438400000000002,-2.33612,-2.2286,-2.12052,D,14,-3.12052
1.03524,0.7299,0.4837,0.61728,0.91661,1.2818100000000001,1.6782299999999999,2.09177,2.51578,2.94672,-2.90067,-2.4613099999999997,-2.01927,-1.5752,-1.12962,-0.68296,-0.23565,0.21184,0.65897,1.1050200000000001,1.54901,1.98941,2.42374,2.8476,-3.03095,-2.66533,-2.3923,-2.3755,-2.76202,-2.8752400000000002,-2.65003,-2.2993099999999997,-1.89762,-1.47106,-1.03059,-0.5815899999999999,-0.127,0.3314,0.79245,1.25528,1.71922,2.18364,2.6478900000000003,3.11122,-2.71055,-2.25251,-1.8001599999999998,-1.35753,-0.9324899999999999,-0.54262,-0.23489000000000002,-0.15729,-0.52474,-0.68811,-0.47033,-0.11212000000000001,0.30088000000000004,0.73978,1.19274,1.65408,2.12072,2.59077,3.06302,-2.74665,-2.27264,-1.79887,-1.32615,-0.8555200000000001,-0.38847,0.0727,0.52394,0.9574,1.35548,1.67093,1.7529400000000002,1.38058,1.22414,1.45128,1.8170400000000002,2.23644,2.681,3.13905,-2.6782,-2.20742,-1.7336200000000002,-1.25804,-0.78159,-0.30503,0.17090999999999998,0.6454,1.11741,1.58545,2.04718,2.49853,2.93155,-2.95476,-2.6419799999999998,-2.56604,-2.94163,-3.09248,-2.86483,-2.5007,-2.08375,-1.6421400000000002,-1.1874,-0.72509,-0.25821,0.21144000000000002,0.68267,1.1546399999999999,1.62666,2.09812,2.56838,3.03671,-2.78104,-2.31989,-1.86523,-1.42086,-0.99411,-0.6010300000000001,-0.28357,-0.17193,-0.50297,-0.7228399999999999,-0.53843,-0.19775,0.20228,0.62941,1.0707,1.52003,1.97415,2.4311599999999998,2.88985,-2.93379,-2.47398,-2.0144,-1.55548,-1.09761,-0.64125,-0.18694000000000002,0.26465,0.71254,1.15527,1.59046,2.01388,2.41729,2.78233,3.06051,3.10575,2.7414,2.5771,2.76828,3.09613,-2.80517,-2.39797,-1.9773900000000002,-1.54916,-1.11636,-0.6808,-0.24361999999999998,0.19444,0.63284,1.0711899999999999,1.5092,1.94661,2.38322,2.81881,-3.02999,-2.5970299999999997,-2.16574,-1.73643,-1.3094700000000001,-0.8854,-0.46493999999999996,-0.0492,0.36007,0.7599600000000001,1.14515,1.50489,1.8145099999999998,2.00763,1.9096400000000002,1.53586,1.47896,1.6865,1.9973,2.35221,2.72887,3.1174,-2.77032,-2.37068,-1.96848,-1.56476,-1.16021,-0.7553,-0.35036999999999996,0.054329999999999996,0.45861,0.8623299999999999,1.26536,E,14,-1.33755
